majoritarian_moving_phantoms,r1_quadratic,r2_mean,r3_median,r4_capped_median,Project
35012.000419751574,44601.263943698825,38381.90428443708,34564.330743622006,34564.33074362201,Project 1
64704.006928654475,59079.37017337165,63757.87259639967,68320.65973752503,68320.65973752503,Project 2
53833.35779310116,54943.48855621895,55988.3127288674,55959.13824444368,55959.13824444369,Project 3
74440.40442344909,64251.63374613925,74717.73064594639,79420.51373061292,79420.51373061293,Project 4
44200.34453817738,50227.796679825005,47922.25262513807,44786.94930307945,44786.949303079455,Project 5
30382.376926679877,36488.45797789915,28687.93791040493,26093.53133985075,26093.531339850753,Project 6
79896.16772347601,67408.62221786563,82043.36683857966,88427.39841325345,88427.39841325345,Project 7
61709.15666435674,57595.4599663833,59938.02965924522,65055.86698165745,65055.86698165745,Project 8
35125.243187493266,42169.36971016695,35870.055846662144,32496.764085775558,32496.764085775558,Project 9
30886.78637148808,39374.080162158934,31473.595530225248,26509.500591360218,26509.50059136022,Project 10
40469.3496247777,44257.037179022875,38128.63827858615,34358.79688176815,34358.796881768154,Project 11
60369.80584371422,57019.255526975576,59492.754481650816,61102.369454844156,61102.36945484416,Project 12
32615.743988013135,42154.89119796188,34347.988525459914,31453.287069026384,31453.287069026384,Project 13
53718.69853156897,53846.08381941082,53407.59988523253,55275.22315876376,55275.223158763765,Project 14
40719.451247830824,45378.174733676075,39735.815590718,37328.91724418668,37328.91724418668,Project 15
33303.233824007104,42917.43660418487,36480.30156952683,30913.070882192664,30913.070882192664,Project 16
24506.068517934968,33951.41572457277,24156.264473720814,21672.591594460166,21672.59159446017,Project 17
27134.63636447664,34756.86000433776,25749.23753734386,20297.93844223344,20297.93844223344,Project 18
54492.59764184267,54511.46532034397,54676.68609825357,54814.659649356785,54814.65964935679,Project 19
23519.10383987634,33113.241901096415,24772.692556698457,19369.116551486637,19369.116551486637,Project 20
36579.360492078806,45085.50835018388,38446.00193273044,34954.788122255806,34954.78812225581,Project 21
30261.693554282134,37673.46920401788,29746.88154581347,24931.2534813059,24931.253481305903,Project 22
26863.332708224247,36778.58129202269,29114.514345057865,22099.910057179874,22099.910057179877,Project 23
50341.79410623132,53714.36846019428,53786.49508825133,51714.39090558566,51714.390905585664,Project 24
28497.435412110626,36403.81388231942,28349.878142601552,21530.53080907609,21530.530809076092,Project 25
41774.83412666964,46691.91914281249,41425.88326265721,37967.39388928308,37967.393889283085,Project 26
55553.401629154025,55887.93393721608,57661.73245300679,58268.374196309895,58268.3741963099,Project 27
63040.56687948721,59941.239723309394,65561.51829294008,66802.42678571201,66802.42678571203,Project 28
44228.44862654963,47957.61562265885,43823.96235545348,41751.59316915315,41751.59316915316,Project 29
114953.92841562712,79806.22609747142,113403.16440312756,125997.08107204632,125997.08107204632,Project 30
32877.10851437719,39284.07240876505,30903.574414989784,27475.18022310667,27475.180223106672,Project 31
25729.224201241617,35311.4721716914,26064.70363288838,22479.867700232255,22479.867700232255,Project 32
106944.3779609742,77874.41746130587,108136.09790632763,119041.10558654508,119041.10558654508,Project 33
66486.45275891063,60831.406832519366,67111.67832330184,69602.28079186496,69602.28079186496,Project 34
35524.53047105418,44483.25067301328,38848.44945866206,33687.303722437464,33687.30372243747,Project 35
43973.754317860534,47745.175644815456,43504.22050181593,42034.39212214394,42034.39212214394,Project 36
39642.22447176095,45062.23725231982,38890.49696502293,36159.540483636585,36159.54048363659,Project 37
31290.936466552797,38157.74140013704,29587.203560149766,26397.80719030593,26397.807190305935,Project 38
113009.37185392229,79729.1673630185,113614.77533947499,123333.00440296782,123333.00440296784,Project 39
36711.08008065067,42056.336195684446,34209.213734934056,35091.4317344646,35091.4317344646,Project 40
26456.85890223907,33717.60860161936,25180.953637449173,21702.27359697266,21702.273596972664,Project 41
30382.376926679877,38952.44119314179,31491.76667895739,26914.852604207677,26914.85260420768,Project 42
44182.930134558716,48392.64126866268,44084.320243586735,44041.39816383134,44041.39816383135,Project 43
32372.6073330386,40461.34755672266,32112.981864819547,29086.20112765359,29086.201127653592,Project 44
52505.97858201117,53797.695034370736,52997.995389442265,52842.98516321885,52842.98516321886,Project 45
72877.44768522165,63373.46608088745,73394.16228737595,75979.81800096255,75979.81800096255,Project 46
36171.788476510206,44085.428590310934,37802.380677374545,36662.644290799486,36662.644290799486,Project 47
43822.07937262812,49025.44179035123,45642.77185197056,44054.81658141375,44054.81658141375,Project 48
70517.99132338545,63049.1406538363,72315.0657232771,74314.64710241427,74314.64710241427,Project 49
35399.2561925686,43882.04220574207,37917.661345064604,37231.827396800276,37231.827396800276,Project 50
29479.07698177356,39080.55519060533,29990.034929905414,27493.461352420152,27493.461352420156,Project 51
35722.358570439144,42091.637205843814,34867.85350799459,32711.851500429068,32711.851500429075,Project 52
44585.24381173292,47562.72375265892,42242.383485906794,41512.39578901859,41512.3957890186,Project 53
28865.707860717783,35800.054801315215,26925.8710751986,21559.937611462672,21559.937611462672,Project 54
86599.72255874187,69364.55283511266,86043.43029693572,94434.38027600442,94434.38027600443,Project 55
23331.444432309538,36682.230907236175,27236.884441235066,22825.778251633543,22825.778251633546,Project 56
32705.148378434093,40565.30772182951,33084.06627882359,27957.791323271398,27957.7913232714,Project 57
43767.004298256164,49501.88985839308,46751.67861218323,42696.2715248618,42696.271524861804,Project 58
50347.413347175054,52701.26364723101,50934.83970676863,51556.860124293,51556.86012429301,Project 59
53529.86467697452,53855.75323620442,53003.66009160058,54122.49933220411,54122.49933220412,Project 60
60438.30614484354,57993.926047671324,61358.62196577281,63511.834088972624,63511.83408897264,Project 61
167328.03357812244,97168.54911449338,167457.0448901814,189840.37540868056,189840.3754086806,Project 62
26038.989444933184,35312.602307181805,26537.82114722813,22945.231123888956,22945.23112388896,Project 63
52601.69393173298,51803.69330587659,49874.97715890715,55091.36974941812,55091.369749418125,Project 64
31158.06844354315,36428.242581740815,28526.217003533937,26039.461258097752,26039.461258097752,Project 65
31418.06153478639,41002.59463694691,33474.896770379964,27769.477085314236,27769.47708531424,Project 66
64102.34568253838,58621.95847442801,62635.48890180805,67175.70465454092,67175.70465454092,Project 67
27070.34951487087,34792.8476384581,27189.289394424108,20108.003856266085,20108.003856266085,Project 68
33804.53710208943,42069.85232572165,35322.664483789136,28344.494878591333,28344.494878591337,Project 69
38995.32612194474,45749.713720941094,39857.932992143986,37674.342609101805,37674.342609101805,Project 70
52038.91235454037,51528.549275977384,48831.409107887506,52006.98953841156,52006.989538411566,Project 71
30888.024665413937,40964.53336583718,33119.378281281904,28763.687275441294,28763.687275441298,Project 72
30421.795415683097,40092.39038657472,31149.521169391446,27272.392074272746,27272.39207427275,Project 73
24803.455325769988,33192.435657618465,24666.432721303187,20734.56455645954,20734.564556459543,Project 74
36769.755792780226,43472.36122410105,36029.581581144346,34834.767390550885,34834.76739055089,Project 75
32175.858975884734,38730.06834470178,30333.535116067746,26314.352545608006,26314.35254560801,Project 76
40406.89926797816,46277.69639908999,40181.82286577946,39255.77818894397,39255.77818894398,Project 77
49175.69053388979,51674.318776791144,49053.92530040187,49807.50588460563,49807.505884605634,Project 78
50654.40429367464,52010.66556834554,49865.11068640844,49619.5711882743,49619.571188274305,Project 79
74424.47335938111,63431.85429141797,72766.70472333442,77116.55654493737,77116.55654493738,Project 80
36519.773668329784,42918.186174496936,35639.74953939304,32937.268865634265,32937.268865634265,Project 81
56119.02974673648,53972.39952596287,53386.28465760925,55601.901898346245,55601.90189834625,Project 82
37461.93945339962,43071.17722741868,35702.47347619864,34031.55047452309,34031.550474523094,Project 83
53136.81609268024,53340.19210781846,52519.517744308556,53075.11759333869,53075.1175933387,Project 84
76806.84326400816,65328.52109347527,76953.68573101592,84835.70233830511,84835.70233830513,Project 85
43912.95104786611,47265.19644919492,42285.80709483324,41233.11090774782,41233.110907747825,Project 86
26539.983050877287,36583.02615752285,28428.96117573599,22397.43479300267,22397.434793002674,Project 87
66490.42682641161,60774.15472106307,67190.67263861596,70404.7675541056,70404.7675541056,Project 88
27341.83507322916,37086.818625045154,27690.12881537085,26392.10400441502,26392.104004415025,Project 89
40574.59811508767,46575.37150218527,41741.436191441295,37709.00826065864,37709.008260658644,Project 90
56995.966090909074,55743.67246806273,56796.69414669218,60222.01269095533,60222.012690955344,Project 91
71962.98639981006,62803.00395258061,71636.81189817365,75176.07552953123,75176.07552953123,Project 92
48258.69523050645,51000.999083769944,48495.83351513305,47975.792436103904,47975.79243610391,Project 93
20013.989367115693,32109.46920409313,23384.568032237952,15716.652657825827,15716.652657825829,Project 94
59546.52585611382,56617.24573034463,58996.25117009369,59667.01462195227,59667.01462195229,Project 95
36149.78368617149,44118.91272944087,38241.12647004037,36103.452683645504,36103.452683645504,Project 96
80439.57764940438,67415.7718890717,82343.82694416854,85581.5038591216,85581.50385912161,Project 97
24950.748379060766,34904.09903175992,26677.444940492347,23270.62934685445,23270.629346854454,Project 98
33819.856746399004,40556.24643633806,33525.75572243043,28150.93244699178,28150.932446991785,Project 99
29875.675466841043,35144.61761016766,25733.717553136954,23352.566110229338,23352.56611022934,Project 100
37497.92687562654,44198.02067981464,37082.2243351895,36865.27951027729,36865.279510277294,Project 101
41139.6736848556,47884.978304690696,43373.23558286725,40494.33468722396,40494.33468722397,Project 102
77307.37736745892,64235.947071767325,74708.4040400953,79609.5633480567,79609.5633480567,Project 103
30382.376926679877,35625.385598387606,27029.49345414355,22710.211690987995,22710.211690987995,Project 104
34798.06759244576,41940.61284665162,34234.59574801642,33646.80836726133,33646.808367261336,Project 105
30421.450189389278,39588.66263368208,30844.372886640078,28174.54962893425,28174.549628934255,Project 106
30984.059696032018,40230.07049926896,32073.520878583484,29371.142812091115,29371.14281209112,Project 107
36702.03352882135,43279.235892001074,36004.892226820826,34774.68007488998,34774.680074889984,Project 108
50533.32047061264,51008.03860004469,48354.58234817473,47838.394707684325,47838.39470768433,Project 109
27047.46559694618,37084.24651967319,28654.73701113553,25882.34091433572,25882.340914335724,Project 110
29000.33508023385,38149.88328012054,30823.303772442614,25381.396498257058,25381.39649825706,Project 111
75527.51783001507,64551.408295345354,75196.95117216668,81128.01597926127,81128.01597926127,Project 112
74681.79992223716,64692.80420389602,75124.95029371245,82346.29092370345,82346.29092370346,Project 113
30522.977022490202,39622.518817782286,31029.248779054633,27321.991144462903,27321.991144462907,Project 114
26110.83592930444,34617.226437070836,25087.84367033242,22596.108127996795,22596.1081279968,Project 115
44414.763673629255,49568.17958065153,45388.94929780574,45351.64365290171,45351.64365290171,Project 116
26369.831030999158,35717.14719169741,27090.23163967725,23206.985538664605,23206.985538664605,Project 117
66373.43386370198,60677.59248464952,67094.41309513278,70442.10694377292,70442.10694377292,Project 118
66227.46810178451,61863.54517006391,69906.03216890637,70799.48542142345,70799.48542142345,Project 119
45647.02056455269,49726.334591205305,46399.38530650965,47388.75822244527,47388.75822244528,Project 120
47169.870058037595,50966.16458990109,48663.55925710359,46208.860051388976,46208.86005138898,Project 121
30382.376926679877,36243.96179041178,28419.582945201008,19963.956207052164,19963.956207052164,Project 122
38104.429825767555,46114.400652426826,40165.27335036574,37826.96396915814,37826.96396915815,Project 123
43593.4193738845,47407.54344399956,42380.62837851386,41125.32722471622,41125.327224716224,Project 124
29965.3965499244,38073.88019322914,30049.60255816358,25658.771045765418,25658.771045765418,Project 125
28233.703698347945,35857.78469875568,26649.665103204043,23528.780535249894,23528.780535249898,Project 126
39319.748532544036,46383.66022533563,42367.37587521723,36131.32737850718,36131.32737850719,Project 127
34526.430076902245,42525.3501583345,35447.35794481135,32858.324685204476,32858.324685204476,Project 128
59570.346614500384,57042.20418160966,59750.26570691523,62785.52442712391,62785.52442712393,Project 129
51815.519013706,53259.37999068189,52745.57529690319,50633.797501446956,50633.79750144696,Project 130
61343.613908738575,57416.76035103166,60039.54251531946,65905.63257793672,65905.63257793672,Project 131
30382.376926679877,39345.83792776239,31644.398600253073,28220.87999304686,28220.879993046863,Project 132
30074.217359113947,39771.640273060046,31438.300360152032,28028.782936487074,28028.782936487078,Project 133
55720.44488218278,54120.10581858504,53749.639674309896,54922.19363115064,54922.19363115065,Project 134
35922.47197334073,45600.90242951783,39970.54718131502,34262.866260949166,34262.86626094917,Project 135
121407.84293117638,82053.12018252577,120086.10470341204,132628.63927366308,132628.63927366308,Project 136
31209.494590249877,38151.8280215956,31029.026309980858,25558.453584254592,25558.453584254596,Project 137
40489.69139090311,45590.09671444318,39865.29808984529,38057.33750282938,38057.33750282939,Project 138
43947.86590600802,48255.0074098161,43638.86086512605,42066.4166912079,42066.41669120791,Project 139
65672.97725924286,60637.81822599757,67219.84211914416,66670.62018680655,66670.62018680657,Project 140
28535.568255163464,36399.72371078474,26625.06550283034,24387.488384931316,24387.488384931316,Project 141
31462.640511846745,40446.872932171806,31925.80114100561,30580.000761067848,30580.000761067855,Project 142
93800.11060743872,72107.81067477037,93294.98875993855,99832.58619029692,99832.58619029693,Project 143
72097.18792106476,61722.283326510675,68938.69400733385,73685.09192310086,73685.09192310087,Project 144
51435.3616228217,52545.045049217886,51004.127224527634,51963.65888309053,51963.65888309054,Project 145
31331.919982390948,37752.995047913646,31269.647646411002,25698.652024154682,25698.652024154686,Project 146
112091.1079038448,78572.80105620297,110216.48414736644,122950.27974274057,122950.27974274057,Project 147
79946.86242717902,66512.18554514677,79863.48516816588,86120.1972386569,86120.19723865691,Project 148
32045.58761166339,40896.6109301314,33052.03240039908,28701.654092828852,28701.654092828856,Project 149
27827.298362520316,36121.09716610737,27084.866715240838,22634.556716199255,22634.55671619926,Project 150
41116.81501213865,46334.61612788957,40789.330502138946,40171.96005332247,40171.96005332248,Project 151
80103.98157324873,66955.40786746674,81084.5576115355,84937.25276001017,84937.25276001019,Project 152
49990.60650240993,52219.142171784464,50246.240284762396,51010.61615554333,51010.616155543335,Project 153
26942.83137624799,37139.79378132186,29288.029306992732,22891.075246975724,22891.075246975728,Project 154
27681.522981999333,34505.22075174912,25263.532299024122,24428.01800181322,24428.018001813223,Project 155
31132.88296787413,39917.93158416192,32453.547519209187,26036.98392425829,26036.983924258293,Project 156
58279.79901873227,56695.72710959892,58294.935150985744,58951.41272489292,58951.412724892936,Project 157
123680.32197781485,82722.9246284761,122018.77974513217,136236.6179108884,136236.6179108884,Project 158
62687.450529801914,58295.29922696136,62470.85155510663,63431.21828133396,63431.21828133397,Project 159
49357.24789137433,49938.93939525428,46209.03037249817,47147.34301661261,47147.34301661262,Project 160
61617.234452820274,58392.251932260726,62202.55188871129,65127.06259246592,65127.06259246592,Project 161
65734.3449800281,60854.51331878147,67464.2772578625,69512.27851503524,69512.27851503526,Project 162
37159.58740179412,44894.247069390185,39001.347792143955,35602.29771401684,35602.297714016844,Project 163
51831.609016481,52588.890899892605,52327.85753586206,49310.41305949384,49310.41305949385,Project 164
77157.30445421232,64981.34095747611,75874.66621903013,82678.29057664334,82678.29057664335,Project 165
55886.12046750738,55568.730311086445,56516.99832641074,58403.98776826472,58403.98776826473,Project 166
64917.8966241541,61048.66627725568,68003.72563010917,69659.71344207173,69659.71344207173,Project 167
49281.77228867289,53021.66859705119,52615.331473445214,48722.902562300114,48722.90256230012,Project 168
51142.13341427728,52406.10800869078,51308.28088304583,52394.11889424705,52394.118894247054,Project 169
113805.0547473139,78896.48175576433,111334.66887894954,120403.7577509654,120403.75775096542,Project 170
41428.964843644964,48201.014170414695,43424.44042614304,41785.45132048959,41785.45132048959,Project 171
41239.00735498823,46099.64003216505,40810.59437771846,39225.56014496803,39225.56014496803,Project 172
34071.63290999317,42570.57171052541,34563.94511751275,32997.23811806046,32997.23811806046,Project 173
51854.62296522999,53009.287741172346,51438.06415839982,54534.617525508475,54534.61752550848,Project 174
45098.8271283313,48807.86237537578,44130.276677148315,46379.80600072225,46379.80600072226,Project 175
58231.70172963157,56384.98136903023,57745.835982273275,62134.30750008801,62134.30750008802,Project 176
33659.936993204974,41152.023513286076,34113.76642743813,29982.85593167033,29982.85593167033,Project 177
41038.57877142525,46177.533682220586,40559.2449131221,37392.980289896674,37392.980289896674,Project 178
31045.73200221109,37693.58947561093,29005.549973460573,27600.78552322618,27600.785523226183,Project 179
72042.39281511508,62319.71685540407,70985.56231930741,69634.56088878149,69634.56088878149,Project 180
70829.83308164627,63001.92864908833,72161.359857536,75954.19738580578,75954.19738580578,Project 181
33845.25755153089,43035.354359018165,36883.81437344139,32145.78781084177,32145.787810841775,Project 182
117059.04812918203,80155.67179700188,114600.24854556442,128254.80387526126,128254.80387526129,Project 183
33520.829262170846,43031.40222205349,35064.10127449001,31563.893475486795,31563.8934754868,Project 184
63789.57373874944,59184.68507507859,63700.090303667006,66416.96908694749,66416.96908694749,Project 185
33046.29875973585,38053.267677076496,29804.90366374374,25831.52666152434,25831.52666152434,Project 186
38650.77019320882,42717.01169027774,35401.217633887245,33482.73847641623,33482.73847641623,Project 187
58253.755547408284,55995.671052603575,57567.26275023765,59050.88345879742,59050.88345879743,Project 188
24835.172329950517,34961.871762382594,26623.340589311836,22240.625730041356,22240.62573004136,Project 189
32179.911106208692,40456.936142312035,31737.950957559737,29395.182751132146,29395.182751132146,Project 190
30382.376926679877,38420.37465248825,30248.626817044562,27174.156583179873,27174.156583179876,Project 191
48487.56000053305,49346.019741181495,46479.8021618406,45726.36474161892,45726.36474161893,Project 192
84519.80727848804,67985.71748107666,83428.11114520619,88601.11285591533,88601.11285591534,Project 193
64588.62111090749,59560.543092486085,64152.61390546321,69033.70486960027,69033.70486960029,Project 194
74113.36588672177,65315.76002165712,77258.35176184792,80079.57937064514,80079.57937064514,Project 195
83209.31663976357,67588.86191699917,82037.1951208134,90124.36187903585,90124.36187903586,Project 196
33117.17167734433,40363.692872162064,32533.134535947458,29666.659017549242,29666.659017549242,Project 197
31479.465711606135,36106.14671817933,27934.604606274712,22353.587585714416,22353.58758571442,Project 198
46726.69478301342,50178.187708154685,47200.73227088787,44460.66683506059,44460.6668350606,Project 199
37137.23958264188,45795.8623092438,39954.20122864995,37177.18791092553,37177.18791092554,Project 200
31238.286754290442,39082.94853355543,30607.66698757954,29325.22396442601,29325.22396442602,Project 201
103481.66080912565,75156.26581330158,101055.1746400535,110764.47831744359,110764.4783174436,Project 202
42894.479674292816,48023.43878388605,43176.39019681089,40804.38388757667,40804.383887576674,Project 203
32533.386742544793,39088.731398151496,30931.315300038314,30128.799430008832,30128.799430008832,Project 204
30044.58754918282,39795.968653617725,31119.28524877865,29877.290073033,29877.290073033004,Project 205
33518.75273713564,40660.759574470496,32899.61119820885,30106.103554643156,30106.103554643156,Project 206
86402.18013840003,69023.51461392194,85612.00203495215,93740.56916084976,93740.56916084976,Project 207
46492.016477731224,50183.105207298584,47712.208264179986,43528.94873775492,43528.94873775492,Project 208
76384.6237669591,63973.29992215899,73951.73740258941,77556.89707083431,77556.89707083433,Project 209
26401.910003599085,36354.12040000417,29161.400716190095,23543.836152611402,23543.836152611402,Project 210
53818.754076081226,54266.29570081726,54300.295037302385,53804.759346116654,53804.75934611666,Project 211
53506.26195869373,54670.11964057403,56318.61519118827,55433.95952584744,55433.959525847444,Project 212
23801.487958351387,32352.68089386065,24312.763566559184,18638.772483340366,18638.77248334037,Project 213
27748.876730178403,36334.86869765211,29315.20185260271,21926.146972481012,21926.146972481016,Project 214
31321.53614224294,41574.68976929846,33163.87892056182,29806.25062161671,29806.250621616717,Project 215
27098.042749579876,38448.46921296298,30630.449445454917,24617.148376626566,24617.14837662657,Project 216
104599.19205819686,76542.76139338834,104496.59180377974,114989.43413451711,114989.43413451713,Project 217
29559.010574643664,37454.24847766816,28416.643204548778,27307.783301222407,27307.78330122241,Project 218
47154.25407799246,50911.57703412721,48341.956896684555,49114.39131543802,49114.39131543802,Project 219
37225.40126407004,43243.44079532151,35885.58542998323,33259.678538434564,33259.678538434564,Project 220
48192.47933371851,51465.92570892613,50590.01200957806,46009.75440859642,46009.754408596425,Project 221
33724.940447363646,39334.65642265329,31169.706125112094,27938.108768080416,27938.10876808042,Project 222
34547.33968848036,42642.87739339566,36135.51847648036,34222.475782514906,34222.475782514906,Project 223
24626.89002717438,33518.149425654316,24234.75596971203,19624.24210408693,19624.242104086934,Project 224
32589.80555382379,40724.763634650204,32953.46243182273,30805.49222284972,30805.492222849727,Project 225
71820.73192173439,62928.90079275375,71502.11309014226,76906.31706909947,76906.31706909947,Project 226
34149.0747930925,42385.56499637281,36567.7611678825,29757.71641022642,29757.71641022643,Project 227
84062.73270363691,68159.70727088377,83783.51159778656,89799.8347301439,89799.8347301439,Project 228
51967.82398696388,52217.87921591222,50188.2078531158,53461.25536203866,53461.25536203867,Project 229
30570.684408481502,38645.63356378954,30803.616457303542,26513.535869584226,26513.53586958423,Project 230
90305.68395933464,70623.68799295815,90081.67608158285,93738.77360584929,93738.7736058493,Project 231
43831.920697603404,47583.886356045834,42502.77886400533,41103.874935422275,41103.87493542228,Project 232
27485.265992444172,37335.216004103284,28713.117294618278,25444.303095115072,25444.303095115076,Project 233
57125.35745254588,56370.41299587731,57576.64921361641,63705.22263226468,63705.22263226469,Project 234
23263.630796226167,34784.2999266387,25831.76652581518,21483.233849797896,21483.2338497979,Project 235
36274.73437991558,40062.46073726657,33298.64871919885,31017.080108641214,31017.080108641214,Project 236
59811.65746049295,54747.91769340293,55334.94655996446,59085.3909353701,59085.39093537012,Project 237
35291.45203757589,42569.63857677338,35465.769785313794,33227.453074763565,33227.453074763565,Project 238
76975.09121951964,65885.9800838961,78486.62709126886,81543.91527861753,81543.91527861754,Project 239
50199.13851942985,52276.454138903566,51375.3409444596,50681.98972481635,50681.989724816354,Project 240
37745.66755706113,40102.349755933756,32560.47814071021,29696.997253706937,29696.99725370694,Project 241
109358.4249024387,77968.02795764449,108370.90941990785,120808.78382450924,120808.78382450924,Project 242
100136.08279474985,76058.16587303179,103280.58176543591,113647.68236233067,113647.68236233068,Project 243
27690.519545363222,34632.52534007774,27429.47257192179,21195.63182816628,21195.63182816628,Project 244
47947.62514375303,51000.43875037508,48580.911870894626,47438.23732737026,47438.23732737027,Project 245
95697.166591663,72968.8967538313,95550.56889964869,102954.02974650648,102954.0297465065,Project 246
32376.744731470168,40677.13229053239,33951.883103409644,31865.815160136855,31865.815160136863,Project 247
54772.9164937328,53794.78477384187,53064.8973416732,55813.283739657,55813.28373965701,Project 248
69272.55437455562,62451.00802565724,70395.3355175673,74496.56751493929,74496.5675149393,Project 249
172108.5546394854,99377.64656913663,175435.42748925422,195192.93671980573,195192.93671980576,Project 250
30473.3296500392,36807.93929189937,28214.282232348072,28147.059291006382,28147.059291006386,Project 251
105753.36048105297,76552.68715217011,104510.73455711931,116987.07404505134,116987.07404505135,Project 252
60721.26839144334,56637.24443380256,58856.1206695388,60882.35594953244,60882.355949532444,Project 253
54178.95071030922,55229.23515185929,56612.82691181762,56325.5032333886,56325.503233388605,Project 254
76451.56065915393,65146.28573090632,76934.84195015521,80944.72882918733,80944.72882918734,Project 255
81771.86275162807,66965.58828233989,80819.08108833453,87498.04652876795,87498.04652876797,Project 256
29165.408466381698,35888.782795841784,26714.364164413524,22828.58045407733,22828.580454077335,Project 257
65025.618054675455,59030.280510553974,63066.71530254045,66896.04773458741,66896.04773458742,Project 258
107038.57294256256,77701.40256320957,107712.69367905555,117617.39813239402,117617.39813239402,Project 259
153802.34349320346,93017.03187753685,153657.40916536612,172088.1208534109,172088.12085341092,Project 260
49586.3273946823,51314.83493475064,48980.49982084533,49871.772399571884,49871.77239957189,Project 261
31030.65129946077,39722.28159127417,31425.321168933442,26810.844912006327,26810.84491200633,Project 262
31228.85648174295,37766.92754692605,30296.038575263134,26458.51421421141,26458.514214211413,Project 263
37226.76288552471,41191.57983283729,33836.052897722846,28419.295878762525,28419.29587876253,Project 264
25350.762048118486,33483.146016513485,24051.161094856325,20464.379680123708,20464.37968012371,Project 265
54506.53622283873,54779.392853205856,55244.34479759856,55990.77345100776,55990.773451007764,Project 266
39807.60014623774,44611.537839989986,37745.86287153194,37323.57030101577,37323.570301015774,Project 267
40487.180039908715,45972.25515739772,40225.71424660159,39546.52149310148,39546.521493101485,Project 268
149862.59001124615,91217.88012509595,148079.3856496313,164211.25146455533,164211.25146455533,Project 269
66426.24941599164,61212.03521251311,67682.09565147506,72018.66484173133,72018.66484173133,Project 270
77948.08177818778,66155.79825110483,79935.15529784102,82152.17825446597,82152.17825446598,Project 271
51814.73962212509,51271.3762219522,48911.17929540824,49829.90227785602,49829.90227785602,Project 272
33770.85512530554,42737.06579922764,35690.27563066166,32203.016393594113,32203.01639359412,Project 273
53878.7496526452,53162.8600867271,51780.08779042304,52730.053398087,52730.05339808701,Project 274
33056.59834581657,39215.754145558654,30580.39864118513,28715.639399470616,28715.63939947062,Project 275
85501.61909081167,68571.78823114505,84504.43059156518,90472.05198627435,90472.05198627437,Project 276
45881.636222137546,51131.53762853961,48769.94466796394,47084.29767605496,47084.297676054965,Project 277
21201.537511767376,31071.541234336393,21536.859329152496,17188.459672339162,17188.459672339166,Project 278
42754.84756577126,47760.261071646586,42721.927641598064,43023.919964252025,43023.91996425203,Project 279
39591.81511174294,46275.31677448151,40971.134469809425,39044.89263707138,39044.89263707138,Project 280
45624.003740840846,50674.03241150251,47902.72925148415,46209.02687367741,46209.026873677416,Project 281
38419.3498640281,43586.6178953061,37113.267417786104,33621.82702270265,33621.82702270265,Project 282
46414.42592560024,47934.86226663136,43108.64629129002,41152.334799858756,41152.33479985876,Project 283
62967.87262646523,59468.27599768293,64500.22619152828,64738.14250944874,64738.14250944875,Project 284
114929.90926701439,79751.71579755563,113460.37903761232,126149.88117840898,126149.88117840898,Project 285
30430.24011093771,40019.13464195169,31561.95080139902,29472.926477244833,29472.92647724484,Project 286
37231.603388641495,43444.281480075384,36830.01797117271,33912.57361320128,33912.57361320128,Project 287
29488.726226824794,38838.45946289793,30686.782216505715,26757.83352649844,26757.833526498445,Project 288
46503.41629626577,47310.60690912588,42765.43067145896,42762.93501879701,42762.93501879702,Project 289
35246.675166084984,41409.3004663716,33137.64613452454,33096.20100991295,33096.20100991295,Project 290
69227.74022418045,61760.72318938352,68756.04010659533,73348.38528771565,73348.38528771566,Project 291
44553.56598442729,48908.131149269146,44699.10006710945,43622.9891807732,43622.989180773206,Project 292
82008.77425090832,68098.57454389603,83701.6787592799,88094.72432172694,88094.72432172694,Project 293
40680.89207128385,47025.6635667099,42239.05291030272,40058.525887867596,40058.5258878676,Project 294
63454.61997120606,59853.59151482671,65587.12764429604,66641.21067295721,66641.21067295721,Project 295
27338.529634881692,38126.4273176582,29565.160089712932,26283.918042493293,26283.918042493293,Project 296
83564.58131502371,68815.15502716297,84850.22577945735,91672.07386133294,91672.07386133296,Project 297
35407.686291947386,44092.01183264667,37873.21894885681,34557.74442742203,34557.74442742203,Project 298
38227.49440262933,43910.30637055426,37806.056782341606,34678.75447912856,34678.75447912856,Project 299
84897.89504515841,68590.02805517911,84947.8497820747,89880.0049157191,89880.00491571911,Project 300
31004.54109672557,41225.86560764165,34302.8225277377,29323.436325411192,29323.436325411192,Project 301
26327.4165234726,36128.26862592721,27017.68020162847,23327.054550973695,23327.054550973695,Project 302
40645.87472254188,44874.00197862855,38605.335021201594,36380.391570216554,36380.39157021656,Project 303
28938.912031405864,36295.17757954603,28080.672941839824,23899.508435747837,23899.508435747837,Project 304
22534.69527021252,31969.63705671198,21934.259568101326,19744.092127678083,19744.092127678086,Project 305
70704.02788505534,62194.87798559836,69754.38204799677,75639.76769550433,75639.76769550433,Project 306
53115.88790202165,54464.51738988207,54406.157160828145,54413.13193493759,54413.1319349376,Project 307
86327.34124014125,69969.74351924186,87922.57622691146,95600.36578124996,95600.36578124997,Project 308
47131.084945051036,47294.05294994299,42666.16744626889,43642.25677823531,43642.256778235314,Project 309
29055.081582425177,38861.88066861067,30325.899213904468,26508.258306035037,26508.25830603504,Project 310
26746.62760505687,35204.94002096749,26257.269306540355,24331.864044033784,24331.864044033784,Project 311
43263.0320648399,47844.510342246605,43081.451116248325,42064.88373199877,42064.88373199877,Project 312
200302.89922786262,107560.67312349168,205279.80289996893,231278.40597070925,231278.40597070928,Project 313
31154.23181294929,38639.579388545324,31105.867410922234,27471.97867155584,27471.978671555844,Project 314
35299.002458262614,41731.39364135155,34504.16124723894,32893.3726510312,32893.3726510312,Project 315
78806.90695731096,65619.47555340761,77851.4137916241,83778.84858495275,83778.84858495276,Project 316
37493.40433750683,41922.26017325461,34290.872523246,32384.804018165905,32384.80401816591,Project 317
99294.89658292262,74254.07484666555,98605.09625606405,110664.47782752715,110664.47782752717,Project 318
109965.77796103556,79458.68522818694,112919.58032161111,120434.9435113388,120434.94351133883,Project 319
154470.34937627797,93012.24305411807,153702.91674866248,172838.94990106477,172838.9499010648,Project 320
52825.73296368143,50900.898748160376,48934.235415444586,46747.60381643782,46747.60381643782,Project 321
71770.19020995563,62723.95237360709,71012.36389534514,76714.73583315178,76714.73583315179,Project 322
82232.4056317617,68151.15267928978,83747.90817185481,87212.9949104036,87212.99491040362,Project 323
33644.995656168205,41107.10283598165,32885.654695773635,29468.65616569541,29468.656165695415,Project 324
41220.13818093268,47921.69354855789,43142.346460560606,40716.38574189741,40716.385741897415,Project 325
39536.06183211117,44855.00079240805,38135.95273989927,35583.79556728213,35583.79556728214,Project 326
88066.61254534143,70049.15814531615,88299.64445695386,96590.98776517303,96590.98776517303,Project 327
47274.77000894711,49760.632426995646,46050.85860018668,46085.493187787,46085.493187787,Project 328
35704.14199113157,42614.28853058933,34603.0873452244,35092.42456699495,35092.42456699495,Project 329
36625.12148492328,43426.38105881686,36843.398668971,31432.145770927254,31432.14577092726,Project 330
28656.29247575626,36718.63373509794,27415.851467527445,25347.8159356338,25347.815935633804,Project 331
43256.48265441805,48114.32045672852,43366.30067940242,42224.607014203655,42224.607014203655,Project 332
48605.09490560457,49060.35058677648,45609.57734986334,43550.99709158332,43550.99709158332,Project 333
20599.09369625383,30049.794487825602,20554.514981591554,18288.91584093837,18288.91584093837,Project 334
32379.01339072436,39706.79178361975,32817.57784279164,29215.00983678247,29215.009836782472,Project 335
55793.30979366225,55549.52262252065,56361.19291271937,58318.63251150271,58318.632511502714,Project 336
84823.62130433439,68850.86760793265,85206.17727462726,90948.4410068322,90948.44100683222,Project 337
57494.47673174226,56373.6190044415,58341.24068913024,58364.39243865733,58364.392438657334,Project 338
28914.023561651757,37205.34431411931,30167.862406763183,26689.41392082223,26689.413920822233,Project 339
30588.461241054218,37230.298653562786,28482.689400240917,26167.37686539477,26167.376865394774,Project 340
54087.297468560915,54389.50931018936,53916.69241984151,55442.10407277492,55442.10407277493,Project 341
53845.41393890897,54670.223264954744,54721.504832405146,56709.45154544008,56709.45154544009,Project 342
25413.6751672931,34508.17667483174,25434.385406311554,20759.005992103237,20759.00599210324,Project 343
25855.221817256446,34283.91417926291,25918.151291316266,21325.52816706705,21325.52816706705,Project 344
41313.67472488374,46555.1002566475,41858.64737914194,39168.48400392101,39168.48400392101,Project 345
57067.52102841451,55447.32499419123,56561.35944092197,56805.93829578474,56805.93829578475,Project 346
28055.491015610412,36061.74992491883,27580.03887245018,23265.021382543735,23265.02138254374,Project 347
29894.050263654022,37464.33300625997,28459.09897415666,26877.373877043236,26877.37387704324,Project 348
70339.24853515167,61772.0253630529,68770.81987794444,74949.70260418905,74949.70260418905,Project 349
69623.70029573925,61959.83232193679,70017.44613746292,73978.87900661863,73978.87900661865,Project 350
25986.844592583773,33585.64329182429,24093.09338034854,20908.45557894073,20908.455578940735,Project 351
39951.212127577695,45126.746156696645,39050.21815145393,35796.602678054514,35796.602678054514,Project 352
43053.858339505365,47685.27657219781,43682.39699789359,42350.477465262156,42350.47746526216,Project 353
42874.12595956321,46922.35391753952,41632.50850270351,41151.79890047206,41151.798900472066,Project 354
70177.33603042444,62626.992181148395,71124.71417003385,77152.6251990343,77152.62519903432,Project 355
38131.15316022879,44636.8574796327,38463.48523494562,35193.384697792164,35193.384697792164,Project 356
38250.55138377123,45124.670892158334,38580.168224424015,35700.75801287318,35700.75801287318,Project 357
45711.28313890778,49202.41000016156,44540.34549944328,44660.079128080884,44660.079128080884,Project 358
31144.143234887735,39808.46675751863,31924.120960035027,30224.83247206771,30224.83247206771,Project 359
33844.519119780685,40028.6727477192,32155.499213433104,30409.050448417536,30409.050448417536,Project 360
26991.836805568655,34480.62717823519,24983.383594770832,21125.22451228368,21125.224512283683,Project 361
54821.76057038506,54974.01590840572,55609.316905641725,56375.82062110189,56375.8206211019,Project 362
36121.20629196266,42652.81618443461,35276.61170813086,35102.47838963137,35102.478389631375,Project 363
36757.481403545455,42312.27026343532,35500.121822339905,34854.65111051702,34854.65111051702,Project 364
29424.656207718206,37834.62263946431,29377.935139945057,27929.22107052165,27929.221070521653,Project 365
61743.020531643175,59761.79969949651,64776.206579131445,67768.86325244982,67768.86325244984,Project 366
39723.036329611525,44854.546025852156,38657.23975161888,37394.61576662708,37394.61576662709,Project 367
71435.69700333939,61575.794628454016,68941.62805822867,71589.26798575054,71589.26798575054,Project 368
45394.33091307357,46868.45520924079,41858.468966459266,38174.20328713166,38174.20328713166,Project 369
30382.376926679877,38821.4904051299,30311.762354453334,27624.634635050716,27624.63463505072,Project 370
56121.39576567646,56113.1089929514,58056.11518776655,56273.266986962255,56273.26698696226,Project 371
110170.29754913,78889.07000940277,111312.419840113,121361.87088887214,121361.87088887214,Project 372
36984.54540553543,42760.05353470228,36403.95875354337,32957.79568578958,32957.795685789584,Project 373
36284.00746392267,44994.770716005616,38351.40179137347,36663.441560440624,36663.44156044063,Project 374
63540.753384840675,60295.56934430012,66995.51034476978,66185.49816524272,66185.49816524272,Project 375
54875.644807451616,55033.58447978818,56352.29016527004,56818.219697221575,56818.21969722158,Project 376
43880.88566386001,47607.671793300484,43020.64673815698,40806.0322492575,40806.0322492575,Project 377
68433.29690256272,61906.76835200321,70104.88167818102,68634.53795984686,68634.53795984686,Project 378
38309.175363634124,44695.45097355233,38706.534985932754,34972.02747623507,34972.02747623507,Project 379
45928.14921832034,49589.277345851835,45707.419550987644,45242.364270170765,45242.36427017077,Project 380
45250.69284115252,48658.31814007828,44780.85873460357,44169.7653380327,44169.76533803271,Project 381
36265.99282203094,41353.4002607812,33922.526138206136,30365.58093237056,30365.58093237057,Project 382
35616.55900790718,44184.51756761028,37263.48369259273,34596.41907698073,34596.41907698074,Project 383
39737.64498170204,45402.69140295386,38858.25277496742,40062.9031725347,40062.9031725347,Project 384
58980.52833698532,55908.15047241817,57494.99560288984,57941.69964336793,57941.69964336794,Project 385
51055.2507846714,50939.22725348367,48196.097455065086,48280.00151661054,48280.00151661054,Project 386
44551.81522002386,48667.388942996455,44191.08221414333,43880.62579692257,43880.62579692258,Project 387
24474.159530152698,35792.20533179797,27230.290028317973,24320.57491613382,24320.574916133824,Project 388
26866.44607152036,35007.881136341195,27929.1301029305,22041.477337906173,22041.477337906173,Project 389
31523.883409003574,39832.76526863457,31744.081634682316,28789.461395827708,28789.46139582771,Project 390
36836.272586211926,44053.05001737961,37781.29488814538,31901.488455862214,31901.48845586222,Project 391
48023.575019180025,50668.083800969645,47453.089533704704,49529.95373280442,49529.953732804424,Project 392
28859.883742514106,37424.97732263917,28921.032087148484,25900.017513183964,25900.017513183968,Project 393
63337.74252722262,58968.535532018395,63090.40544657125,65733.5099697673,65733.5099697673,Project 394
34625.828778174946,41372.69442441466,33717.91363851094,28841.713045188295,28841.7130451883,Project 395
46903.065000548515,50621.416472785844,47593.04971726298,47405.357602043,47405.357602043,Project 396
77996.03460777075,66923.23514986857,80965.15972179548,85245.52238860412,85245.52238860412,Project 397
82227.19399821406,67957.04444689074,84074.44015758968,87205.65216912639,87205.65216912639,Project 398
51589.21710890158,51517.15639578607,49323.09780175078,47985.84140289839,47985.8414028984,Project 399
64810.65884062834,59904.95902610529,64926.665357230675,68189.76987196892,68189.76987196892,Project 400
28707.67088654723,38312.64518102253,29447.90450687944,25056.21184466684,25056.211844666843,Project 401
28794.862038304283,36165.73930540767,28875.82827192635,21690.237370136812,21690.237370136816,Project 402
56211.055983915685,55408.13859709206,57048.88843711842,56307.34755444255,56307.34755444256,Project 403
94306.24036090395,71668.30082756784,92006.47959339009,103204.87369639796,103204.87369639798,Project 404
49907.03114825403,52602.8762779061,52005.28886051638,51336.12264714782,51336.12264714783,Project 405
32581.3561371481,41034.18917967329,32490.361081966534,31716.95241864977,31716.95241864977,Project 406
29052.337627489855,37223.224000704824,27678.687821405485,23559.444720464384,23559.444720464388,Project 407
50297.99718734866,52607.20957903404,51381.43100689213,49454.03452091242,49454.03452091242,Project 408
23993.26678524687,34177.5388437071,25619.629855836734,21751.37743721315,21751.37743721315,Project 409
26625.478767961948,34192.35637976301,24818.578258623947,22656.732067188375,22656.73206718838,Project 410
24151.111236767832,34521.96943094303,24514.275354892685,21086.604311480285,21086.604311480285,Project 411
26965.895693764778,35911.81110288903,27450.1051756594,23602.142778202793,23602.142778202797,Project 412
75169.4237250794,64759.35309240509,75650.14190943252,80227.11503091507,80227.11503091508,Project 413
59261.206798410385,57437.037729759366,60806.71239207908,60875.194774636126,60875.194774636126,Project 414
30382.376926679877,38735.13261087288,30437.672457547127,26465.8005188855,26465.800518885502,Project 415
53219.517289442345,54440.54015189567,54435.43688586918,52940.86753892355,52940.86753892356,Project 416
49206.65508081961,53349.799312072355,52683.36106472397,51902.641157117396,51902.6411571174,Project 417
65917.7774603286,59182.33443398059,63837.42378653513,67182.31505596092,67182.31505596092,Project 418
32704.89906621533,39692.59301739275,31080.630728694156,28274.108080937218,28274.10808093722,Project 419
98338.61400191486,73686.2692185881,97294.52115705331,105165.70814456389,105165.70814456389,Project 420
41679.561681396764,47740.30915768005,43510.889333288826,39733.11012510332,39733.110125103325,Project 421
33629.30108545825,41030.4226603464,33390.05302517901,32401.544705943288,32401.544705943295,Project 422
93094.90854145528,71908.22659051439,92475.13906686932,105176.86378944942,105176.86378944943,Project 423
93559.40782965143,73071.58047292299,95860.74188329783,102356.20966281129,102356.2096628113,Project 424
31071.974261453768,39905.333208520795,31941.564883384992,29083.44534373825,29083.445343738254,Project 425
29759.86301552033,36880.73700446175,28901.004050712454,26698.514201926322,26698.514201926326,Project 426
30142.93418018437,36951.26284453602,30177.63503370414,26825.20859334155,26825.208593341555,Project 427
28712.762816753228,35594.804430147706,26905.729112816214,24721.361458760515,24721.361458760515,Project 428
37310.64896777166,43857.389047808065,36937.91303058124,36481.208444141914,36481.208444141914,Project 429
28102.307033514677,36631.43289207743,28834.176384250575,25188.981816885724,25188.981816885727,Project 430
86555.14643407265,69492.55604444715,86746.99535843171,92084.18880410523,92084.18880410524,Project 431
37854.98134316814,45333.08261218205,38619.52052968385,36546.34615263905,36546.34615263906,Project 432
27723.300177685698,36448.3804670467,27660.374909734135,26507.164460364507,26507.16446036451,Project 433
67766.05754501585,61372.09422932325,68294.95529652455,72444.40157119636,72444.40157119637,Project 434
27155.87869500473,33185.59673397353,25597.845913436882,18162.80617899809,18162.806178998093,Project 435
50644.96298873159,52504.76561703096,52040.0082056538,49374.21207548597,49374.21207548597,Project 436
25482.418821264524,34772.45826468419,26775.88159931005,22039.774219054765,22039.77421905477,Project 437
20059.473558963255,31713.750125930637,21653.01265782246,18322.781852011143,18322.781852011147,Project 438
56822.82124338459,54671.929765579596,55865.84948039599,53906.03458941452,53906.03458941453,Project 439
33753.46053247551,42130.673121257634,34957.38042049554,32956.69030907611,32956.69030907612,Project 440
30445.818577911174,38567.27614018513,31191.50083514841,27812.079916234452,27812.079916234456,Project 441
66860.98146553081,59604.509192007994,64456.77579461714,69696.92737505176,69696.92737505176,Project 442
26431.142035518664,33726.82901840264,25839.194498700217,22015.21235560532,22015.212355605323,Project 443
30932.43146960096,40268.56356812452,32861.111166771574,27778.639072797105,27778.63907279711,Project 444
71800.11428049197,62348.857421657936,70549.73435584569,72671.89415924506,72671.89415924506,Project 445
76956.42325094077,66816.50260594298,80856.898888422,81415.78653587573,81415.78653587574,Project 446
49529.39164505467,51739.527901698195,49350.90706085919,48995.799682882694,48995.7996828827,Project 447
31120.972460873967,39926.434082273394,32260.462256342416,27394.9599640808,27394.9599640808,Project 448
135814.85486619885,87243.68791886527,135306.68216816834,152441.73102091355,152441.73102091358,Project 449
56808.9569710934,55598.91158017249,56959.29616122296,58674.25162472833,58674.251624728335,Project 450
37182.38095011321,43584.712829397824,38705.353189275134,33580.390974976,33580.390974976,Project 451
25722.591577426178,36119.79214963755,28565.717703274353,22765.71931501639,22765.71931501639,Project 452
33374.15411853786,38597.36442181987,31749.9164590054,26100.77152742204,26100.771527422043,Project 453
63702.337767310775,58578.766052270126,62140.79536683966,64413.8192152952,64413.8192152952,Project 454
63379.341774931316,59990.89171958721,65891.77530437065,64609.68391802175,64609.683918021765,Project 455
23622.587244442944,34122.727012775395,24700.67713823855,20711.60651540149,20711.60651540149,Project 456
53785.654106095484,53940.78948183731,53679.431786472865,54791.20433579024,54791.204335790244,Project 457
35848.4816420251,43222.289343139084,36354.07920008872,33123.246823510075,33123.24682351008,Project 458
42892.57028231182,46746.78506339782,42125.43616828523,40427.56430100251,40427.564301002516,Project 459
49441.01761507294,50494.74739150736,47542.46915436115,47496.87274760538,47496.87274760538,Project 460
26732.438226360555,37089.151930918335,29307.68277444182,23033.247983327165,23033.24798332717,Project 461
36712.49197037786,44126.306296004565,37761.0745913324,35201.65526863134,35201.655268631344,Project 462
31119.76842175843,39721.70008811506,30886.727479176414,30555.102444616434,30555.102444616437,Project 463
27857.288965487533,36432.94623033802,28001.12175435863,24288.514778276585,24288.51477827659,Project 464
38631.76884478194,44318.27043840897,37940.043227768074,34703.28842002022,34703.288420020224,Project 465
28912.96274194966,36886.63631874956,28971.507235329216,24527.77791826958,24527.777918269585,Project 466
94818.24113240816,72609.01111852977,94578.60670393328,103238.0860597146,103238.08605971461,Project 467
41127.578548919046,45074.38084956214,38628.11089184939,38091.93600913402,38091.93600913403,Project 468
49632.855353963976,51008.975937917734,49053.91266324353,48693.26341377391,48693.263413773915,Project 469
58001.81091393038,56662.205688376715,59346.88061815368,59226.913000680965,59226.91300068097,Project 470
61137.11820379191,59200.579685415534,64122.83743855197,65047.43156370272,65047.43156370272,Project 471
83465.75720225403,67420.15528714754,81819.25197484378,88900.89179516105,88900.89179516105,Project 472
34214.764877330585,41449.85673326385,33698.3483955264,31589.855956238393,31589.855956238396,Project 473
68702.13915104298,61040.2551700263,67630.87547332821,71027.52890045902,71027.52890045903,Project 474
41870.457601183836,44759.69940328513,39035.777797725306,35917.09599085506,35917.095990855065,Project 475
59817.43658357762,57934.7255376803,61168.82487975152,64273.83520359663,64273.835203596645,Project 476
41237.42068499508,46497.213328998376,41059.45600324858,37844.21373359337,37844.21373359337,Project 477
43430.27173834397,48556.309093317264,44572.06430579871,43174.42854425347,43174.42854425347,Project 478
50248.349258254806,51463.657332614406,49338.72407287603,48595.85779516271,48595.857795162716,Project 479
49668.75517777992,50096.80203779709,46060.66747622264,50182.1482819971,50182.148281997106,Project 480
36560.03001385663,41630.970679530175,33976.04622791796,34005.75106521356,34005.75106521356,Project 481
25867.222897914733,36183.44595445063,27222.94359244035,20850.819986452883,20850.819986452883,Project 482
29742.712836626382,38457.18731187502,29168.172390640135,27163.998220585356,27163.99822058536,Project 483
65347.77512408011,60193.136841615735,66183.270641264,66493.07082709782,66493.07082709782,Project 484
44086.162563129896,48654.92195238416,44506.20659724399,43591.10195965997,43591.10195965997,Project 485
30382.376926679877,37973.55330418121,29209.369418591265,24236.458616580454,24236.458616580454,Project 486
28926.436031501846,37276.5517162398,28143.639425032863,26723.652001346647,26723.65200134665,Project 487
32416.62118259417,40109.88701576011,32160.059574725656,29980.685722835202,29980.685722835202,Project 488
32759.284515780808,41127.29654830146,32658.201759622334,29728.296218844072,29728.29621884408,Project 489
52356.79038982819,53291.20328198333,52619.873085593375,53422.18968336293,53422.18968336293,Project 490
83362.85477017202,68843.21013403033,85351.57735066126,92473.67882266866,92473.67882266868,Project 491
44938.40860874267,49796.499881421834,46274.08632876234,44524.05688275178,44524.05688275178,Project 492
35823.67686155132,41153.73424981788,34236.82274168555,31809.60921375014,31809.60921375014,Project 493
45041.83465241633,49063.39287841532,45805.315770550624,43290.37858967108,43290.37858967108,Project 494
84433.62882650994,68411.52769963944,84099.7765424974,91395.01235727589,91395.0123572759,Project 495
60445.88651726063,57797.472040085886,61289.98975203782,62521.985043767614,62521.98504376763,Project 496
29774.59234118412,38751.44656367637,30286.998203314757,26286.392923007937,26286.39292300794,Project 497
34771.0994005009,41663.63393482148,34310.734639599505,31536.338928616013,31536.338928616016,Project 498
60629.787804798674,58765.79263057686,62876.50166290428,66146.30091949139,66146.3009194914,Project 499
24490.050037075573,36096.32182392942,26539.746672753256,24066.948303472782,24066.948303472785,Project 500
27139.540324865116,36637.33697956431,28360.320051335133,22799.675486584933,22799.675486584936,Project 501
36144.20023094461,43795.15682313204,37113.09469322332,34748.33130000493,34748.33130000493,Project 502
31632.519469146024,39621.04898850629,31747.901499116342,30440.20744022896,30440.20744022897,Project 503
60777.272715489264,57572.51713044694,60582.548903275114,62453.276330029774,62453.27633002979,Project 504
29825.007161762678,40404.58649880246,32204.829883479502,26935.08521837436,26935.085218374363,Project 505
34471.084216669085,40725.331048211876,33984.133278502144,30424.996329701917,30424.996329701917,Project 506
73268.8791575247,64303.15891879352,75050.22285062369,76855.41702531751,76855.41702531753,Project 507
65908.08673423863,57941.59826745953,61047.582179079494,67509.85568933118,67509.85568933118,Project 508
53793.527253040695,52780.07905794897,50942.62745871618,54717.95412752371,54717.95412752372,Project 509
39699.24848248749,43998.72937145264,38141.75942076348,36129.326881062065,36129.326881062065,Project 510
64096.95396490988,59841.87128949926,64704.835563428234,69818.73223471524,69818.73223471525,Project 511
60273.402382938366,56922.78582193369,59278.95721247439,63178.92213544587,63178.922135445886,Project 512
49637.00042967515,51805.56279763674,49426.24321501137,53492.7740590023,53492.77405900231,Project 513
41689.13616733654,47465.6755151304,43203.040551132675,40423.56183169243,40423.56183169244,Project 514
31547.663298360712,35664.10841831327,29317.20070454463,24166.55187054224,24166.551870542244,Project 515
30382.376926679877,37332.5056614722,29433.02819283782,23388.278089963,23388.278089963,Project 516
108572.04189411202,78094.30658136617,108975.43342761566,116784.95048480443,116784.95048480445,Project 517
35854.49481160188,42871.1081984739,35318.70766634931,35638.23594788299,35638.235947883,Project 518
90757.94384167502,70573.64204794273,89335.58267172465,97942.08903103808,97942.0890310381,Project 519
74783.25747531354,63669.67850093008,72981.59720492546,77134.5234862623,77134.5234862623,Project 520
32446.09505222737,39923.32516609974,32635.93375108317,27499.531594548655,27499.531594548658,Project 521
25918.469178251282,33926.33234692916,24840.26242110853,23777.27536220891,23777.275362208915,Project 522
39549.462026480294,46326.79843899823,41040.56725251379,37398.83741812938,37398.83741812938,Project 523
41321.69074237027,47976.016169479946,43839.85782894676,41949.40320464138,41949.403204641385,Project 524
30382.376926679877,36579.84452342046,28579.200095912056,23192.724291017774,23192.724291017777,Project 525
76912.161177376,66510.1389918079,79869.99367432,84506.44780528446,84506.44780528448,Project 526
37769.885332114616,41540.40561012788,34313.39129569613,32319.815702132037,32319.815702132037,Project 527
26436.98138719779,34276.84801473228,24658.68927049723,23529.549612985837,23529.54961298584,Project 528
50907.42717667074,52993.50147123523,52919.11198144874,49368.441592831274,49368.44159283128,Project 529
50207.11672524826,53115.377888728515,52004.34605744216,52412.05795513289,52412.0579551329,Project 530
116740.20557342368,80864.97694524685,116592.44322624172,128207.14884471483,128207.14884471483,Project 531
84981.73179485323,69097.92277830665,85639.36480029683,94081.10741994626,94081.10741994627,Project 532
68097.4989653717,60953.976374409875,67189.74381634427,71828.64628066769,71828.64628066769,Project 533
25481.972639626983,33696.98987008477,24475.604483637962,20519.050211535276,20519.05021153528,Project 534
33565.87723241783,40338.9049515133,31713.762635457937,31033.35827704281,31033.35827704281,Project 535
53879.75954419271,55474.542986716675,56455.648506659876,57533.6650824483,57533.66508244831,Project 536
57213.94558662327,56320.14874252074,58501.90657568554,60510.77376376477,60510.77376376478,Project 537
32514.05763453956,38583.02018312395,30264.110194824756,29028.649525653265,29028.64952565327,Project 538
45476.35349335917,47833.62444716945,43358.12459368918,44338.98446728193,44338.98446728194,Project 539
66123.97033062104,61105.41577249389,67862.51966578343,70379.0739353213,70379.07393532131,Project 540
26165.832909184122,34978.83514171063,25868.456668504714,19160.101546697002,19160.101546697002,Project 541
26934.506352249664,35370.00785819984,27140.500215334618,22148.316612796218,22148.31661279622,Project 542
46521.86148920707,49187.205373550765,44644.4234658235,46264.6680976176,46264.66809761761,Project 543
146051.89123602366,90603.60026055665,146181.76578272737,162107.37892801443,162107.37892801446,Project 544
36405.20132759478,40434.44457576429,32988.9862769305,31371.05927285036,31371.05927285037,Project 545
47557.19931949422,50113.8613800764,46715.65012811525,45725.163374623495,45725.1633746235,Project 546
54779.637275225316,52998.84569278491,51603.64121360764,53975.04106923044,53975.04106923045,Project 547
103304.29897043221,76303.76271346971,104120.14148367647,112957.7092385955,112957.70923859552,Project 548
66660.00108224612,61053.975133686356,67454.04368292005,70298.42451622212,70298.42451622213,Project 549
59763.761223783455,56195.336929672965,58387.87150645621,60733.9223285461,60733.92232854611,Project 550
69557.35964607965,60897.87078604555,67506.05536472944,70523.2845401389,70523.28454013892,Project 551
30494.520175078615,36490.60707845133,29042.111801266983,21402.86128589594,21402.86128589594,Project 552
36456.97224877742,44116.30788929845,36354.28594602294,36021.23758009169,36021.23758009169,Project 553
42406.671939108666,48112.5707002817,43813.32083142529,43414.81422245578,43414.81422245579,Project 554
33002.248982614015,39433.73072286544,31313.51430693144,28964.326151368936,28964.32615136894,Project 555
33404.4297748278,39302.5331183562,30551.31193530567,27239.80467131796,27239.804671317965,Project 556
37761.28969747242,44994.79673610424,39157.0001365322,38369.249541337434,38369.249541337434,Project 557
24062.927659918572,32371.245963660596,22910.063465649117,20863.247231464553,20863.247231464557,Project 558
49989.141319964314,52199.53766942892,51279.21971472203,49922.79558370255,49922.79558370256,Project 559
67222.81373679204,60288.48544360958,65724.04575877676,69856.27909555596,69856.27909555596,Project 560
35614.36615346995,42236.36674200028,35180.45018231698,32831.474455336225,32831.474455336225,Project 561
30382.376926679877,38793.33101950753,32044.192126303285,28225.48614871913,28225.486148719134,Project 562
30938.224269459126,42191.88593660551,33972.88055913871,32431.06160537418,32431.061605374187,Project 563
41999.00030424148,49081.73042717556,45145.516403964255,44852.372906613964,44852.37290661397,Project 564
53019.696387532946,53656.06629468791,53087.06829978431,53413.63332603074,53413.633326030744,Project 565
73874.42840247293,64368.85004714386,74794.522659013,80277.69982413556,80277.69982413558,Project 566
29613.48475028973,39397.46979831225,30975.544734796113,27955.99310695033,27955.993106950333,Project 567
46762.837891221505,51095.256790212465,48072.23433484017,48497.39193465055,48497.39193465056,Project 568
85498.78441270266,69106.04083656108,85434.27618361365,93647.31087487702,93647.31087487703,Project 569
45123.818841612556,48457.82440836037,45052.60948540194,42796.67328089473,42796.673280894734,Project 570
57633.109401492744,54928.18410140908,55398.41186954814,59186.32668457603,59186.32668457604,Project 571
86719.58261974537,69739.87055635046,87035.12675719627,94429.16429113795,94429.16429113795,Project 572
28690.459013211577,35229.123353729265,26189.49053658058,25499.165243249412,25499.165243249412,Project 573
41986.59584811493,46628.894635156306,42187.241057010266,37748.93900570147,37748.939005701475,Project 574
30273.756059642863,39494.259994522625,29806.5465981765,31108.934130136477,31108.934130136484,Project 575
50778.498054811265,50959.80707031827,48903.68097643852,48444.372611906,48444.372611906,Project 576
126029.12159161412,83877.0503562733,125382.94606433889,138624.39207347983,138624.39207347983,Project 577
63495.539869254506,58410.3570291497,62504.97625870865,65251.14194168899,65251.141941689006,Project 578
42327.92362118823,46976.89774981687,41573.83379771473,40595.26488686937,40595.26488686938,Project 579
40091.483658236786,45384.91259358521,39657.83430379728,38023.10539624139,38023.1053962414,Project 580
29514.057484640347,37717.82397790469,29318.071388228167,24857.588723265104,24857.588723265108,Project 581
74905.87511757137,64268.00234093173,74605.59211635051,79561.63033987556,79561.63033987557,Project 582
45764.87715873549,48107.48363074289,43302.21932836018,44553.548748618145,44553.54874861815,Project 583
66996.97441141732,60538.11661894064,66680.25627470462,68949.48500819733,68949.48500819733,Project 584
33873.681960074224,40275.590337709014,32361.426108082385,32193.159809236487,32193.159809236487,Project 585
43780.55615558164,48543.617441257615,43903.62749877369,44010.1222352351,44010.12223523511,Project 586
28634.066813233952,39094.42297923726,29984.555186010086,27045.853973345576,27045.85397334558,Project 587
76683.9380315656,66488.76889242747,79728.00165183471,85663.28914157505,85663.28914157505,Project 588
34394.30785788016,42306.142994122296,34582.838399146116,31780.974090552445,31780.974090552452,Project 589
87149.07629611957,70029.84373111792,88750.3260506409,94776.12954565357,94776.12954565357,Project 590
59941.34172779978,57549.60733768978,60742.982441290784,59909.117411436106,59909.11741143611,Project 591
39915.06156956144,44850.539881635654,39089.802446054775,38709.865455140956,38709.86545514096,Project 592
100271.9837943879,75218.2250252456,101351.03126904341,110172.47922763864,110172.47922763866,Project 593
53661.12487206992,54901.932340747626,55916.305071481795,55223.40617346085,55223.406173460855,Project 594
33848.70352164225,39803.13499417744,32117.640675150895,28616.50345885318,28616.503458853185,Project 595
49088.819799112636,50104.11332335417,46792.06040924821,47834.35467925207,47834.35467925208,Project 596
35135.91152299192,42997.07557293696,35702.548947035706,33790.38398806428,33790.383988064284,Project 597
50845.71924173904,52284.30580499677,50111.85937942402,51653.14448748343,51653.144487483434,Project 598
60229.58296740594,56900.63121398555,58714.37372021535,61958.97615279917,61958.97615279918,Project 599
32188.65572343498,41054.58479629246,32903.460435765155,32352.994181535294,32352.994181535298,Project 600
