round,voting_rule,max_vev,project_max_vev,project_max_vev_percentage,project_max_original_allocation,project_max_new_allocation,project_max_allocation_percentage
1,normalized_median,95440.63666559604,5430.370001617295,0.0005430370001617295,179961.70025145536,185392.07025307266,0.018539207025307265
1,r1_quadratic,59793.09062478655,9387.467276794341,0.0009387467276794341,181150.83555358424,190538.30283037858,0.019053830283037858
1,r2_mean,183515.87889456062,91661.80892042875,0.009166180892042875,4082.3838122699594,95744.1927326987,0.009574419273269871
1,r3_median,91938.60891258775,988.0720195513932,9.880720195513932e-05,46931.39171702273,47919.46373657412,0.004791946373657412
1,r4_capped_median,87704.54178153994,1403.6255873113987,0.00014036255873113988,113050.72366825967,114454.34925557107,0.011445434925557108
2,normalized_median,96880.70631734063,6716.8620895282365,0.0006716862089528237,137701.0845635302,144417.94665305843,0.014441794665305843
2,r1_quadratic,62914.94253324064,8706.61147442428,0.0008706611474424281,72823.09518433701,81529.7066587613,0.00815297066587613
2,r2_mean,183621.63860321825,91665.83085505571,0.00916658308550557,3180.822473749557,94846.65332880527,0.009484665332880527
2,r3_median,98631.31932033683,1613.6404973704775,0.00016136404973704775,97599.91693144309,99213.55742881357,0.009921355742881357
2,r4_capped_median,78602.55852774071,2158.619389905507,0.0002158619389905507,134743.21946555137,136901.83885545688,0.013690183885545689
3,normalized_median,89387.76183647604,843.4623842553337,8.434623842553338e-05,57922.85751836251,58766.31990261784,0.005876631990261784
3,r1_quadratic,57988.4203848343,9671.834548535466,0.0009671834548535466,234976.12893932252,244647.96348785798,0.0244647963487858
3,r2_mean,183568.7899526587,91666.5819602316,0.00916665819602316,1796.9684501195563,93463.55041035116,0.009346355041035117
3,r3_median,101667.9747313933,13525.903952445253,0.0013525903952445253,730362.4989136301,743888.4028660754,0.07438884028660754
3,r4_capped_median,80274.79108365334,8051.800108236726,0.0008051800108236726,282375.279983241,290427.0800914777,0.029042708009147773
4,normalized_median,102883.96571577262,6790.318349510228,0.0006790318349510228,137701.0845635302,144491.40291304042,0.014449140291304043
4,r1_quadratic,60946.40884270388,8660.207635358594,0.0008660207635358594,51982.595909054864,60642.80354441346,0.006064280354441346
4,r2_mean,183460.1942453586,91663.02392888193,0.009166302392888194,5489.975495009364,97152.99942389129,0.009715299942389129
4,r3_median,96523.8950231093,3015.681247399334,0.0003015681247399334,136256.05593712657,139271.7371845259,0.01392717371845259
4,r4_capped_median,86589.73584358644,8487.982819483557,0.0008487982819483557,282375.279983241,290863.26280272455,0.029086326280272454
5,normalized_median,94226.89019862114,857.3520141007466,8.573520141007466e-05,14661.660922540192,15519.012936640938,0.0015519012936640938
5,r1_quadratic,55740.19257269388,8861.05174142099,0.000886105174142099,156300.99724566,165162.04898708098,0.016516204898708097
5,r2_mean,183732.5862429027,91666.12373069438,0.009166612373069438,31608.23200168021,123274.35573237459,0.012327435573237459
5,r3_median,94241.89149777431,1800.1140353776718,0.0001800114035377672,123075.38210803777,124875.49614341544,0.012487549614341543
5,r4_capped_median,74986.75133482821,2649.354216555221,0.00026493542165552207,164039.62086718978,166688.975083745,0.0166688975083745
6,normalized_median,91620.21945167475,1523.1181920328818,0.00015231181920328818,103967.77863883498,105490.89683086786,0.010549089683086786
6,r1_quadratic,60946.40884270388,9387.467276794341,0.0009387467276794341,181150.83555358424,190538.30283037858,0.019053830283037858
6,r2_mean,183732.58624290265,91666.70977858278,0.009166670977858279,1435.8457989705016,93102.55557755328,0.009310255557755328
6,r3_median,95413.21350663487,1355.1534147004277,0.00013551534147004276,115296.98555846546,116652.13897316589,0.011665213897316588
6,r4_capped_median,81236.17244979549,1625.9890081674966,0.00016259890081674966,37260.49132133281,38886.48032950031,0.003888648032950031
7,normalized_median,104165.89217775341,13855.828113714233,0.0013855828113714234,1457782.765631567,1471638.5937452812,0.1471638593745281
7,r1_quadratic,62914.94253324064,9100.885056112893,0.0009100885056112893,132116.27048776805,141217.15554388094,0.014121715554388094
7,r2_mean,183518.47763313606,91666.45481926126,0.009166645481926125,3836.293517816597,95502.74833707785,0.009550274833707784
7,r3_median,94112.93716646323,1177.7221125743818,0.00011777221125743818,70060.33980528083,71238.06191785522,0.007123806191785521
7,r4_capped_median,82312.69128087697,1676.2830614451377,0.00016762830614451378,116921.10454609356,118597.3876075387,0.01185973876075387
8,normalized_median,92006.40505425741,2910.92209266148,0.000291092209266148,103839.32878917821,106750.25088183969,0.010675025088183968
8,r1_quadratic,59793.09062478656,9207.745580509538,0.0009207745580509538,234976.12893932252,244183.87451983205,0.024418387451983204
8,r2_mean,183463.47407507538,91664.98056189809,0.009166498056189808,2019.478188531002,93684.4587504291,0.00936844587504291
8,r3_median,99121.55614873781,1693.4244953228772,0.00016934244953228773,123075.38210803777,124768.80660336064,0.012476880660336065
8,r4_capped_median,81905.00405516863,5664.562373093213,0.0005664562373093213,255940.21325134387,261604.77562443708,0.026160477562443708
9,normalized_median,105296.94276327832,5068.2098953585955,0.0005068209895358596,307114.09028063616,312182.30017599475,0.031218230017599474
9,r1_quadratic,54975.57677229775,8762.397064986406,0.0008762397064986406,67063.12434801813,75825.52141300454,0.007582552141300453
9,r2_mean,183609.11170479667,91658.46052591516,0.009165846052591516,4749.625548080987,96408.08607399615,0.009640808607399616
9,r3_median,94946.12071506154,1639.6308320551325,0.00016396308320551324,122666.79350570744,124306.42433776257,0.012430642433776257
9,r4_capped_median,85154.68756419561,2578.3437300770747,0.0002578343730077075,55472.20734203461,58050.55107211169,0.005805055107211169
10,normalized_median,95463.34067949947,6233.502116274205,0.0006233502116274205,137701.0845635302,143934.5866798044,0.01439345866798044
10,r1_quadratic,58748.26677081741,8929.891734967794,0.0008929891734967794,142673.17654965585,151603.06828462365,0.015160306828462365
10,r2_mean,183511.3215825433,91666.70977858281,0.00916667097785828,173.24497067222046,91839.95474925503,0.009183995474925504
10,r3_median,93633.80286155961,706.5155899600104,7.065155899600104e-05,24179.440106287493,24885.955696247504,0.0024885955696247503
10,r4_capped_median,81835.44401101522,4758.760264810582,0.0004758760264810582,345377.3767930438,350136.1370578544,0.035013613705785436
11,normalized_median,93857.9666167429,13367.12531328504,0.001336712531328504,730852.465737497,744219.591050782,0.0744219591050782
11,r1_quadratic,62914.942533240646,8729.623659152108,0.0008729623659152108,56340.18697781922,65069.81063697133,0.006506981063697133
11,r2_mean,183732.58624290276,91666.70977858288,0.009166670977858287,1537.5011955857792,93204.21097416866,0.009320421097416865
11,r3_median,93348.31214402648,2012.7134356718307,0.00020127134356718308,66086.04729780674,68098.76073347857,0.006809876073347857
11,r4_capped_median,82671.83107171374,3064.1333156640903,0.00030641333156640905,116776.65115392461,119840.7844695887,0.01198407844695887
12,normalized_median,90518.48368287142,1247.5064238843202,0.00012475064238843202,3289.736738299184,4537.243162183504,0.0004537243162183504
12,r1_quadratic,58748.26677081743,8713.246908514782,0.0008713246908514783,40997.74789012609,49710.99479864087,0.004971099479864087
12,r2_mean,183576.15721085842,91665.2027588499,0.009166520275884991,6528.344624193774,98193.54738304368,0.009819354738304368
12,r3_median,98021.63409450941,1546.2621480228554,0.00015462621480228554,68755.11597578881,70301.37812381166,0.007030137812381166
12,r4_capped_median,87927.93455346033,2149.342587422754,0.00021493425874227542,171791.64268348765,173940.9852709104,0.01739409852709104
13,normalized_median,94456.73623003901,535.8913785061086,5.358913785061086e-05,40209.422859378465,40745.31423788457,0.004074531423788458
13,r1_quadratic,54726.080410824165,8909.168695303291,0.0008909168695303291,142673.17654965585,151582.34524495914,0.015158234524495915
13,r2_mean,183530.22077867002,91666.62703454934,0.009166662703454934,250818.49266301325,342485.1196975626,0.03424851196975626
13,r3_median,95209.63449893729,6676.766461855703,0.0006676766461855703,137608.76912887057,144285.53559072627,0.014428553559072627
13,r4_capped_median,82421.61656443504,6425.3952978542075,0.0006425395297854207,216803.95137621052,223229.34667406473,0.022322934667406473
14,normalized_median,86043.34516379406,7188.090765770234,0.0007188090765770234,432568.6538336187,439756.7445993889,0.04397567445993889
14,r1_quadratic,56011.3477870717,8681.24214052999,0.000868124214052999,52081.40700983993,60762.64915036992,0.006076264915036992
14,r2_mean,183511.32158254134,91666.47434126824,0.009166647434126825,1212.7269710634398,92879.20131233169,0.009287920131233168
14,r3_median,98306.63214409581,7451.593779374496,0.0007451593779374496,432278.657836671,439730.2516160455,0.04397302516160455
14,r4_capped_median,84897.99980489879,8651.417861248541,0.0008651417861248542,486462.30072815786,495113.7185894064,0.04951137185894064
15,normalized_median,96406.16632381098,10632.911413227208,0.0010632911413227207,1457782.765631567,1468415.6770447942,0.14684156770447943
15,r1_quadratic,62914.94253324063,8806.838864562596,0.0008806838864562597,72823.09518433701,81629.93404889961,0.00816299340488996
15,r2_mean,183732.58624290425,91666.70977858284,0.009166670977858284,967.7192193057969,92634.42899788864,0.009263442899788863
15,r3_median,86355.6476532037,1585.8795952430883,0.00015858795952430882,33110.305062922955,34696.18465816604,0.0034696184658166043
15,r4_capped_median,73756.21006556592,2678.7991120256847,0.0002678799112025685,55472.20734203461,58151.0064540603,0.00581510064540603
16,normalized_median,91532.91179015435,2501.7555965576976,0.00025017555965576975,49326.61383874091,51828.369435298606,0.005182836943529861
16,r1_quadratic,57988.420384834324,9084.969018624164,0.0009084969018624164,156300.99724566,165385.96626428416,0.016538596626428415
16,r2_mean,183524.72540757552,91659.83763572357,0.009165983763572357,3872.6369295918735,95532.47456531544,0.009553247456531544
16,r3_median,97584.23495394668,6711.972125999513,0.0006711972125999513,137608.76912887057,144320.74125487008,0.014432074125487008
16,r4_capped_median,80368.94990237402,3067.424925525236,0.0003067424925525236,153334.96867745716,156402.3936029824,0.01564023936029824
17,normalized_median,105504.74643590706,5421.985224945471,0.0005421985224945471,306199.1012222082,311621.08644715365,0.031162108644715365
17,r1_quadratic,56011.3477870717,8761.571836996925,0.0008761571836996925,99985.37490439808,108746.946741395,0.0108746946741395
17,r2_mean,183517.59391775617,91666.10547702298,0.009166610547702299,1459.7290189233001,93125.83449594628,0.009312583449594628
17,r3_median,91815.0828927171,7129.862054964207,0.0007129862054964207,250923.46694635475,258053.32900131895,0.025805332900131896
17,r4_capped_median,91251.93579315941,8814.498395327886,0.0008814498395327886,486462.30072815786,495276.79912348575,0.04952767991234858
18,normalized_median,92510.96127617461,3144.8779413375014,0.00031448779413375015,69146.61600631014,72291.49394764764,0.007229149394764764
18,r1_quadratic,54031.12680296499,9084.969018624164,0.0009084969018624164,156300.99724566,165385.96626428416,0.016538596626428415
18,r2_mean,183515.1671487159,91664.45893353588,0.009166445893353588,4729.317877648515,96393.77681118439,0.009639377681118439
18,r3_median,87822.26545349427,1231.5028873659903,0.00012315028873659904,23830.14423073108,25061.64711809707,0.002506164711809707
18,r4_capped_median,86934.65070859688,8680.917420945188,0.0008680917420945188,282375.279983241,291056.1974041862,0.029105619740418618
19,normalized_median,93844.73078999744,12976.061962143285,0.0012976061962143286,1457782.765631567,1470758.8275937103,0.14707588275937103
19,r1_quadratic,58803.78809238036,8669.892654505325,0.0008669892654505325,47266.17975251962,55936.07240702495,0.005593607240702495
19,r2_mean,183732.5862429043,91666.70977858278,0.009166670977858279,1435.8457989705016,93102.55557755328,0.009310255557755328
19,r3_median,107952.12135345457,3004.690071024699,0.0003004690071024699,145768.3915780581,148773.0816490828,0.01487730816490828
19,r4_capped_median,78951.39020445744,5466.266544360522,0.0005466266544360522,255940.21325134387,261406.4797957044,0.026140647979570438
20,normalized_median,87730.8730834047,1566.995024024407,0.0001566995024024407,123157.94775750276,124724.94278152716,0.012472494278152717
20,r1_quadratic,56011.34778707171,9110.68086809828,0.0009110680868098279,142673.17654965585,151783.85741775413,0.015178385741775413
20,r2_mean,183483.06492601792,91657.22432128478,0.009165722432128478,6081.155515965294,97738.37983725008,0.009773837983725008
20,r3_median,97182.69298157861,4729.632486750896,0.00047296324867508954,364626.0296648085,369355.6621515594,0.03693556621515594
20,r4_capped_median,83975.7216191965,6224.330290625599,0.0006224330290625599,216803.95137621052,223028.28166683612,0.02230282816668361
21,normalized_median,94598.95464814038,1604.4373865593952,0.00016044373865593952,122749.0850517511,124353.5224383105,0.01243535224383105
21,r1_quadratic,60946.40884270388,9364.020637557056,0.0009364020637557056,130545.19531206571,139909.21594962277,0.013990921594962277
21,r2_mean,183572.18248930539,91662.67274448101,0.0091662672744481,4767.899548011756,96430.57229249277,0.009643057229249278
21,r3_median,98303.73826335944,1938.1583171441162,0.0001938158317144116,152656.96975000246,154595.12806714658,0.015459512806714659
21,r4_capped_median,90232.01460920688,8650.042571269907,0.0008650042571269907,282375.279983241,291025.3225545109,0.02910253225545109
22,normalized_median,90437.18335644691,710.1394364230691,7.101394364230692e-05,20683.337693714413,21393.477130137482,0.002139347713013748
22,r1_quadratic,60946.408842703866,10545.925405117916,0.0010545925405117916,328918.00325059803,339463.92865571595,0.03394639286557159
22,r2_mean,183576.15721085848,91666.70965400749,0.009166670965400749,173.24497067222046,91839.95462467971,0.00918399546246797
22,r3_median,106712.33468531012,1015.0860508949627,0.00010150860508949627,46931.39171702273,47946.47776791769,0.004794647776791769
22,r4_capped_median,89133.83097183154,5043.255583517719,0.000504325558351772,345377.3767930438,350420.6323765615,0.03504206323765615
23,normalized_median,92980.22309809306,3221.2392374923365,0.00032212392374923363,69146.61600631014,72367.85524380248,0.0072367855243802475
23,r1_quadratic,58803.788092380346,8750.006065242495,0.0008750006065242495,42954.03363523969,51704.039700482186,0.0051704039700482185
23,r2_mean,183531.9078592308,91666.70679902,0.009166670679902,1020.8229834932238,92687.52978251323,0.009268752978251324
23,r3_median,98173.51047567633,798.6815589656253,7.986815589656253e-05,29909.78931037251,30708.470869338136,0.0030708470869338137
23,r4_capped_median,84831.16313466441,1328.5348374678724,0.00013285348374678725,92678.61480098146,94007.14963844934,0.009400714963844934
24,normalized_median,96340.6796169746,636.3015017818107,6.363015017818106e-05,35048.53667082171,35684.83817260352,0.003568483817260352
24,r1_quadratic,55170.577416579894,9255.215349646372,0.0009255215349646373,130545.19531206571,139800.41066171209,0.013980041066171208
24,r2_mean,183459.25969834882,91665.921091542,0.009166592109154199,1500.135819505419,93166.05691104742,0.009316605691104742
24,r3_median,106848.31460381046,1488.214843112015,0.00014882148431120148,72704.71242568364,74192.92726879565,0.007419292726879565
24,r4_capped_median,87904.37709544954,1931.9144122180296,0.00019319144122180296,74369.55313826211,76301.46755048014,0.0076301467550480145
25,normalized_median,91759.04695216448,5319.756785766076,0.0005319756785766076,179961.70025145536,185281.45703722144,0.018528145703722142
25,r1_quadratic,62914.942533240646,8869.394489763967,0.0008869394489763966,62875.86296110598,71745.25745086995,0.007174525745086995
25,r2_mean,183502.94898862473,91664.6869542441,0.00916646869542441,3802.922895131228,95467.60984937532,0.009546760984937532
25,r3_median,97188.15752775277,12151.741129611153,0.0012151741129611154,1456805.46142169,1468957.202551301,0.14689572025513012
25,r4_capped_median,75375.75728804985,2096.000234073086,0.00020960002340730862,134743.21946555137,136839.21969962446,0.013683921969962445
26,normalized_median,90576.96213258358,5737.412592566252,0.0005737412592566252,227585.39221293209,233322.80480549834,0.023332280480549833
26,r1_quadratic,57988.42038483432,8636.930286258597,0.0008636930286258597,33661.98363713368,42298.913923392276,0.0042298913923392275
26,r2_mean,183472.3871884424,91663.60833108188,0.009166360833108188,6183.074987167184,97846.68331824907,0.009784668331824906
26,r3_median,94216.88967319581,3062.7552498227014,0.00030627552498227017,69100.25979980605,72163.01504962875,0.007216301504962875
26,r4_capped_median,81072.91692748945,5290.632849862799,0.0005290632849862799,344348.3894206135,349639.0222704763,0.03496390222704763
27,normalized_median,94141.84086270246,2398.8910714935846,0.00023988910714935847,49326.61383874091,51725.50491023449,0.005172550491023449
27,r1_quadratic,56011.34778707175,8711.372842132667,0.0008711372842132667,109940.811034433,118652.18387656567,0.011865218387656567
27,r2_mean,183474.30996521428,91666.70484649096,0.009166670484649095,967.7192193057969,92634.42406579676,0.009263442406579676
27,r3_median,93269.84322063008,13258.048961978406,0.0013258048961978406,1456805.46142169,1470063.5103836684,0.14700635103836684
27,r4_capped_median,73928.80724984732,1527.8219087952166,0.00015278219087952165,146848.61537368924,148376.43728248446,0.014837643728248447
28,normalized_median,104141.32508140206,1398.649908568288,0.0001398649908568288,72753.48669473545,74152.13660330373,0.007415213660330373
28,r1_quadratic,57988.42038483433,8665.8542432662,0.00086658542432662,33661.98363713368,42327.83788039988,0.004232783788039988
28,r2_mean,183502.94898862467,91663.7651294509,0.00916637651294509,2801.2354033452143,94465.00053279611,0.009446500053279612
28,r3_median,95817.33637781182,1808.9569316961424,0.00018089569316961425,123075.38210803777,124884.33903973391,0.012488433903973391
28,r4_capped_median,85492.74613268272,1234.324282273912,0.00012343242822739122,138446.29282081447,139680.61710308839,0.013968061710308838
29,normalized_median,94388.15546926347,6589.721340538323,0.0006589721340538322,137701.0845635302,144290.80590406852,0.014429080590406852
29,r1_quadratic,55804.050177426114,8966.274386427802,0.0008966274386427802,169114.44004003314,178080.71442646094,0.017808071442646095
29,r2_mean,183496.45129052337,91666.71808123268,0.00916667180812327,1020.8229834932238,92687.54106472591,0.009268754106472592
29,r3_median,97192.08475216452,2824.306227344583,0.0002824306227344583,136256.05593712657,139080.36216447115,0.013908036216447116
29,r4_capped_median,80759.34010584884,1099.8131214153836,0.00010998131214153837,129748.79940287044,130848.61252428583,0.013084861252428583
30,normalized_median,94842.59220170308,7336.193963324884,0.0007336193963324884,251091.8000334399,258427.9939967648,0.02584279939967648
30,r1_quadratic,59793.09062478655,8883.360220314062,0.0008883360220314062,132116.27048776805,140999.6307080821,0.014099963070808212
30,r2_mean,183515.88538114133,91665.15977852327,0.009166515977852327,1459.7290189233001,93124.88879744658,0.009312488879744658
30,r3_median,93553.33715132836,11379.85529770772,0.001137985529770772,1456805.46142169,1468185.3167193977,0.14681853167193976
30,r4_capped_median,78629.20490530509,1189.8895242711733,0.00011898895242711732,40535.50976376792,41725.399288039094,0.004172539928803909
31,normalized_median,97019.04203875456,1556.9546959686995,0.00015569546959686995,33132.51725349007,34689.47194945877,0.003468947194945877
31,r1_quadratic,57697.61768089242,8769.25870009249,0.0008769258700092491,56340.18697781922,65109.44567791171,0.006510944567791171
31,r2_mean,183732.58624290276,91666.70977858292,0.009166670977858293,8095.545890792187,99762.25566937511,0.00997622556693751
31,r3_median,106937.59110825673,5489.9700049888925,0.0005489970004988892,227432.8179287795,232922.78793376838,0.02329227879337684
31,r4_capped_median,84168.15950329212,5566.0894044541055,0.0005566089404454106,344348.3894206135,349914.4788250676,0.03499144788250676
32,normalized_median,92420.67536276416,2166.4266279454023,0.00021664266279454022,99542.16044243072,101708.58707037612,0.010170858707037612
32,r1_quadratic,59793.09062478656,8752.327364539065,0.0008752327364539065,64464.58645472103,73216.9138192601,0.00732169138192601
32,r2_mean,183475.89974608424,91664.48008704504,0.009166448008704505,2019.478188531002,93683.95827557605,0.009368395827557606
32,r3_median,86960.4707762844,5621.458054290793,0.0005621458054290793,305993.8239492563,311615.28200354706,0.031161528200354706
32,r4_capped_median,82906.32888833567,1652.6686872886203,0.00016526686872886203,146848.61537368924,148501.28406097787,0.014850128406097786
33,normalized_median,104376.41774102821,2910.92209266148,0.000291092209266148,103839.32878917821,106750.25088183969,0.010675025088183968
33,r1_quadratic,58748.26677081741,8882.814009309179,0.0008882814009309179,128074.62854980394,136957.44255911311,0.013695744255911312
33,r2_mean,183504.2321698963,91665.06491571559,0.009166506491571559,6037.531808484095,97702.59672419968,0.009770259672419969
33,r3_median,106438.88695413564,4809.931310410728,0.0004809931310410728,364626.0296648085,369435.9609752192,0.03694359609752192
33,r4_capped_median,87868.07940943149,7202.987013500475,0.0007202987013500474,154857.23668572356,162060.22369922404,0.016206022369922402
34,normalized_median,92693.66487404064,1784.306353467895,0.00017843063534678949,123157.94775750276,124942.25411097065,0.012494225411097066
34,r1_quadratic,57988.42038483431,8700.571205246139,0.0008700571205246139,26119.39838930052,34819.96959454666,0.003481996959454666
34,r2_mean,183502.94898862462,91665.52405964825,0.009166552405964824,2314.782308329125,93980.30636797738,0.009398030636797738
34,r3_median,93150.24126613884,1567.424495194704,0.0001567424495194704,33110.305062922955,34677.72955811766,0.0034677729558117657
34,r4_capped_median,81047.56037163809,4653.393506911583,0.00046533935069115835,345377.3767930438,350030.7702999554,0.03500307702999554
35,normalized_median,96455.92110496305,1128.466617060294,0.0001128466617060294,62088.94847230153,63217.41508936182,0.006321741508936182
35,r1_quadratic,57988.420384834324,9397.345414654672,0.0009397345414654672,169114.44004003314,178511.7854546878,0.01785117854546878
35,r2_mean,183499.5289133921,91665.41775012093,0.009166541775012093,1537.5011955857792,93202.91894570671,0.00932029189457067
35,r3_median,97039.68712929222,3057.6257131420425,0.00030576257131420423,136256.05593712657,139313.6816502686,0.013931368165026861
35,r4_capped_median,80490.49362980673,667.5289466620397,6.675289466620397e-05,8078.912520444037,8746.441467106077,0.0008746441467106077
36,normalized_median,92007.39478570755,1548.3169282319432,0.00015483169282319432,123108.25818180045,124656.5751100324,0.01246565751100324
36,r1_quadratic,59600.57584754334,9270.485076249926,0.0009270485076249926,328918.00325059803,338188.48832684796,0.033818848832684795
36,r2_mean,183448.6730605499,91659.05048251899,0.0091659050482519,5130.276128520603,96789.32661103959,0.00967893266110396
36,r3_median,105961.13284316123,2519.7539615970163,0.00025197539615970165,196768.31349708966,199288.06745868668,0.01992880674586867
36,r4_capped_median,78173.89905883472,1423.7938757830707,0.00014237938757830708,56833.184613877835,58256.978489660905,0.0058256978489660905
37,normalized_median,93601.58123776714,7505.430616560334,0.0007505430616560334,432568.6538336187,440074.084450179,0.0440074084450179
37,r1_quadratic,59600.57584754337,9270.485076249926,0.0009270485076249926,328918.00325059803,338188.48832684796,0.033818848832684795
37,r2_mean,183515.88538114127,91666.4407509423,0.009166644075094231,53840.148124818,145506.5888757603,0.01455065888757603
37,r3_median,96289.52452566173,1557.7784457012895,0.00015577784457012896,122666.79350570744,124224.57195140872,0.012422457195140872
37,r4_capped_median,88218.51165000108,5322.2785982733185,0.0005322278598273319,202383.09450168075,207705.37309995407,0.020770537309995406
38,normalized_median,89572.55048501602,5330.715238134377,0.0005330715238134377,179961.70025145536,185292.41548958974,0.018529241548958974
38,r1_quadratic,57619.94962973433,8678.53309059691,0.000867853309059691,55388.30766667305,64066.84075726996,0.006406684075726996
38,r2_mean,183568.78995265882,91666.3530300318,0.00916663530300318,1537.5011955857792,93203.85422561757,0.009320385422561757
38,r3_median,98021.63409450941,1323.9413241237926,0.00013239413241237924,94142.0196474864,95465.9609716102,0.00954659609716102
38,r4_capped_median,81608.27193901868,2304.05996340228,0.000230405996340228,134743.21946555137,137047.27942895365,0.013704727942895366
39,normalized_median,90248.74075947526,5128.887979215971,0.0005128887979215971,179961.70025145536,185090.58823067133,0.018509058823067134
39,r1_quadratic,57988.42038483431,8754.127780934301,0.0008754127780934301,35414.52536293145,44168.65314386575,0.004416865314386575
39,r2_mean,183517.5939177561,91663.75713669723,0.009166375713669723,4034.674822696675,95698.4319593939,0.00956984319593939
39,r3_median,93080.15695051738,751.2782707058359,7.512782707058358e-05,29909.78931037251,30661.067581078347,0.0030661067581078346
39,r4_capped_median,79749.23434634955,4651.129930281604,0.0004651129930281604,345377.3767930438,350028.5067233254,0.03500285067233254
40,normalized_median,92724.62092787967,2211.042447290325,0.00022110424472903252,152759.38033477485,154970.42278206517,0.015497042278206518
40,r1_quadratic,54089.4416284148,8831.419814400651,0.0008831419814400651,92525.11693549332,101356.53674989397,0.010135653674989397
40,r2_mean,183474.30996521428,91666.64835546949,0.009166664835546949,4976.105485530032,96642.75384099952,0.009664275384099951
40,r3_median,94946.12071506154,7269.70620038663,0.0007269706200386631,250923.46694635475,258193.17314674138,0.02581931731467414
40,r4_capped_median,84773.06347572879,6182.106807200733,0.0006182106807200733,216803.95137621052,222986.05818341125,0.022298605818341127
41,normalized_median,92420.67536276416,2023.5633755522576,0.00020235633755522577,99542.16044243072,101565.72381798297,0.010156572381798297
41,r1_quadratic,53938.119479480985,8849.840004854414,0.0008849840004854413,112901.8516419536,121751.69164680802,0.012175169164680802
41,r2_mean,183732.58624290265,91666.7097785828,0.009166670977858279,3601.957628972665,95268.66740755546,0.009526866740755546
41,r3_median,93177.71237469104,1248.8933958097332,0.00012488933958097333,70060.33980528083,71309.23320109057,0.007130923320109056
41,r4_capped_median,80497.66246260767,1442.6399570116919,0.0001442639957011692,113050.72366825967,114493.36362527136,0.011449336362527136
42,normalized_median,95104.62006052652,1465.1143765574234,0.00014651143765574234,123108.25818180045,124573.37255835788,0.012457337255835787
42,r1_quadratic,60946.40884270388,8680.277924690487,0.0008680277924690487,23154.20538822617,31834.483312916658,0.0031834483312916657
42,r2_mean,183576.15721085836,91665.13631525307,0.009166513631525307,1796.8300639839906,93461.96637923706,0.009346196637923706
42,r3_median,95988.91137427517,1767.3282013719872,0.00017673282013719871,124785.89199029791,126553.2201916699,0.01265532201916699
42,r4_capped_median,84897.99980489879,8651.417861248541,0.0008651417861248542,486462.30072815786,495113.7185894064,0.04951137185894064
43,normalized_median,88890.8531679609,6355.34356355248,0.000635534356355248,192784.91519741376,199140.25876096624,0.019914025876096624
43,r1_quadratic,62914.942533240646,8719.656557302274,0.0008719656557302274,64835.50530071866,73555.16185802093,0.007355516185802094
43,r2_mean,183621.6386032182,91664.29980772662,0.009166429980772663,2770.0002330887096,94434.30004081533,0.009443430004081533
43,r3_median,96166.41547937473,1613.6404973704775,0.00016136404973704775,97599.91693144309,99213.55742881357,0.009921355742881357
43,r4_capped_median,74190.20473336332,1963.3014591772226,0.00019633014591772225,134743.21946555137,136706.5209247286,0.01367065209247286
44,normalized_median,93786.38197670397,6752.970696860866,0.0006752970696860866,432568.6538336187,439321.62453047954,0.04393216245304796
44,r1_quadratic,59793.09062478655,9070.273137095137,0.0009070273137095137,99985.37490439808,109055.64804149322,0.010905564804149321
44,r2_mean,183732.58624290276,91666.70977858288,0.009166670977858287,1537.5011955857792,93204.21097416866,0.009320421097416865
44,r3_median,90450.43298770252,3124.116762471531,0.00031241167624715307,69100.25979980605,72224.37656227758,0.007222437656227758
44,r4_capped_median,88062.47499333165,2634.0247949068143,0.0002634024794906814,164039.62086718978,166673.6456620966,0.01666736456620966
45,normalized_median,90172.40396439662,13218.67884710594,0.001321867884710594,730852.465737497,744071.1445846029,0.0744071144584603
45,r1_quadratic,57697.61768089241,8757.927195849297,0.0008757927195849297,53775.78813484929,62533.715330698586,0.006253371533069859
45,r2_mean,183528.04346981464,91665.8869265667,0.00916658869265667,14107.014981529514,105772.90190809622,0.010577290190809621
45,r3_median,96158.33413393897,2025.75143771054,0.00020257514377105399,99475.42692440994,101501.17836212048,0.010150117836212048
45,r4_capped_median,86361.63605262543,4596.831613251648,0.0004596831613251648,410329.8048157053,414926.63642895693,0.041492663642895694
46,normalized_median,91765.08519643132,1578.2754771846157,0.00015782754771846157,33132.51725349007,34710.792730674686,0.0034710792730674686
46,r1_quadratic,55740.19257269388,9405.117033070215,0.0009405117033070216,130545.19531206571,139950.31234513593,0.013995031234513592
46,r2_mean,183531.90785923068,91664.85328198723,0.009166485328198724,2621.4421624340603,94286.2954444213,0.00942862954444213
46,r3_median,99035.11863242084,13743.37295160687,0.0013743372951606871,730362.4989136301,744105.871865237,0.0744105871865237
46,r4_capped_median,76972.08772677714,5052.841623105574,0.0005052841623105574,345377.3767930438,350430.2184161494,0.03504302184161494
47,normalized_median,93879.60247842863,8048.714994704525,0.0008048714994704526,432568.6538336187,440617.3688283232,0.04406173688283232
47,r1_quadratic,54031.12680296498,8825.634427220168,0.0008825634427220168,77599.62424886104,86425.25867608121,0.00864252586760812
47,r2_mean,183474.03605572646,91666.21401902587,0.009166621401902586,1203.7605492249743,92869.97456825084,0.009286997456825083
47,r3_median,106438.88695413564,4361.334018958209,0.0004361334018958209,364626.0296648085,368987.3636837667,0.03689873636837667
47,r4_capped_median,84714.96784587618,1670.8675639408611,0.0001670867563940861,37260.49132133281,38931.35888527367,0.0038931358885273674
48,normalized_median,94211.12998940003,7411.805466915772,0.0007411805466915772,251091.8000334399,258503.60550035568,0.02585036055003557
48,r1_quadratic,55740.19257269389,8735.074073429787,0.0008735074073429787,89533.60711483804,98268.68118826783,0.009826868118826783
48,r2_mean,183480.34831580007,91666.18977540433,0.009166618977540434,2509.97577405354,94176.16554945787,0.009417616554945787
48,r3_median,92219.2191118948,5568.872869952233,0.0005568872869952232,227432.8179287795,233001.69079873172,0.023300169079873173
48,r4_capped_median,86333.32983422032,2208.7513677067036,0.00022087513677067035,111944.09941433636,114152.85078204307,0.011415285078204307
49,normalized_median,96644.08347607758,5029.758769255655,0.0005029758769255655,306199.1012222082,311228.85999146383,0.031122885999146383
49,r1_quadratic,62914.942533240624,8739.161755336318,0.0008739161755336318,77599.62424886104,86338.78600419736,0.008633878600419736
49,r2_mean,183504.2321698963,91666.70977858275,0.009166670977858275,1020.8229834932238,92687.53276207598,0.009268753276207598
49,r3_median,93594.12895348197,2493.897144092589,0.0002493897144092589,49293.54505201897,51787.44219611156,0.0051787442196111555
49,r4_capped_median,80655.22367996597,1938.496280872263,0.0001938496280872263,171791.64268348765,173730.1389643599,0.01737301389643599
50,normalized_median,91700.5780518766,2909.6721927762555,0.00029096721927762557,145866.18093053432,148775.85312331058,0.014877585312331057
50,r1_quadratic,59793.09062478656,8816.66163330694,0.0008816661633306939,96303.6609519613,105120.32258526824,0.010512032258526824
50,r2_mean,183474.0360557264,91666.70977858278,0.009166670977858279,2314.782308329125,93981.49208691191,0.00939814920869119
50,r3_median,99287.88828667901,2491.2597131697985,0.00024912597131697986,145768.3915780581,148259.6512912279,0.01482596512912279
50,r4_capped_median,74064.79626466025,2814.0960088089487,0.0002814096008808949,116776.65115392461,119590.74716273356,0.011959074716273357
51,normalized_median,89342.52825623033,1272.2776218654544,0.00012722776218654545,52884.31458770624,54156.592209571696,0.00541565922095717
51,r1_quadratic,57619.94962973433,8763.535400143315,0.0008763535400143315,102670.7282186291,111434.26361877241,0.011143426361877241
51,r2_mean,183465.89278872288,91663.52365796873,0.009166352365796873,14107.014981529514,105770.53863949825,0.010577053863949824
51,r3_median,94143.81116876015,1264.3314443078543,0.00012643314443078543,12809.386038787658,14073.717483095512,0.0014073717483095512
51,r4_capped_median,73191.86673320454,1652.6686872886203,0.00016526686872886203,146848.61537368924,148501.28406097787,0.014850128406097786
52,normalized_median,96760.80174171757,14529.676683971426,0.0014529676683971426,730852.465737497,745382.1424214684,0.07453821424214684
52,r1_quadratic,55848.152831007515,8658.861124599094,0.0008658861124599094,19715.273547015935,28374.13467161503,0.002837413467161503
52,r2_mean,183515.88538114136,91666.49829053822,0.009166649829053823,2231.61400971676,93898.11230025499,0.009389811230025498
52,r3_median,100312.91071755259,4462.333573415643,0.00044623335734156425,364626.0296648085,369088.3632382241,0.036908836323822414
52,r4_capped_median,81956.79157482838,7211.528377501207,0.0007211528377501207,154857.23668572356,162068.76506322477,0.016206876506322476
53,normalized_median,95292.41419682217,1445.6545243800501,0.000144565452438005,100526.18523346324,101971.83975784329,0.010197183975784329
53,r1_quadratic,60946.408842703866,8827.017284820133,0.0008827017284820133,75479.87188864077,84306.8891734609,0.00843068891734609
53,r2_mean,183559.6884160934,91662.94351114564,0.009166294351114565,2621.4421624340603,94284.3856735797,0.00942843856735797
53,r3_median,94004.12678688392,6966.187063504243,0.0006966187063504243,137608.76912887057,144574.9561923748,0.014457495619237481
53,r4_capped_median,75688.51600553813,4003.332822008757,0.0004003332822008757,410329.8048157053,414333.13763771404,0.04143331376377141
54,normalized_median,85188.5388302569,1974.2436515253794,0.00019742436515253793,66130.38140688899,68104.62505841437,0.006810462505841437
54,r1_quadratic,60946.408842703866,9155.085422701319,0.0009155085422701319,181150.83555358424,190305.92097628556,0.019030592097628557
54,r2_mean,183506.72761011287,91663.17940264766,0.009166317940264766,4767.899548011756,96431.07895065942,0.009643107895065941
54,r3_median,106988.56025687656,1253.685176268904,0.00012536851762689038,64389.27927642748,65642.96445269638,0.006564296445269638
54,r4_capped_median,82906.32888833567,1861.4751640260802,0.00018614751640260802,116921.10454609356,118782.57971011964,0.011878257971011963
55,normalized_median,103219.3060285075,5105.8327126795775,0.0005105832712679577,307114.09028063616,312219.92299331573,0.031221992299331574
55,r1_quadratic,58748.26677081741,8654.1127222008,0.00086541127222008,43466.38451602101,52120.49723822181,0.005212049723822181
55,r2_mean,183502.94898862467,91665.29007360936,0.009166529007360936,1848.8756104606066,93514.16568406996,0.009351416568406996
55,r3_median,97312.17921379005,1416.2234184259578,0.00014162234184259578,70545.35637390829,71961.57979233425,0.007196157979233424
55,r4_capped_median,80624.97195054642,1680.6482306234248,0.00016806482306234248,146848.61537368924,148529.26360431267,0.014852926360431267
56,normalized_median,104452.63696954638,1758.399549240421,0.0001758399549240421,130579.71352444979,132338.1130736902,0.01323381130736902
56,r1_quadratic,62914.94253324064,8785.569611734478,0.0008785569611734478,49964.53017108351,58750.09978281799,0.005875009978281799
56,r2_mean,183576.15721085842,91666.56336248579,0.009166656336248578,2314.782308329125,93981.34567081492,0.009398134567081492
56,r3_median,94127.01365777141,2012.7134356718307,0.00020127134356718308,66086.04729780674,68098.76073347857,0.006809876073347857
56,r4_capped_median,82312.69128087697,1331.7349073395308,0.0001331734907339531,79387.81095296536,80719.54586030489,0.008071954586030489
57,normalized_median,96179.49262360824,1020.2151459797678,0.00010202151459797678,55515.79333338221,56536.008479361975,0.005653600847936198
57,r1_quadratic,57697.61768089241,9548.4654161933,0.00095484654161933,169114.44004003314,178662.90545622644,0.017866290545622644
57,r2_mean,183458.47119127764,91664.43372591391,0.009166443372591392,2504.6707892290174,94169.10451514293,0.009416910451514294
57,r3_median,105891.37866801268,5573.123485744407,0.0005573123485744407,227432.8179287795,233005.9414145239,0.02330059414145239
57,r4_capped_median,75412.02740614914,719.3228982127621,7.19322898212762e-05,70261.28860691952,70980.61150513228,0.007098061150513229
58,normalized_median,89474.78957913328,1539.8957594716048,0.00015398957594716048,130579.71352444979,132119.6092839214,0.01321196092839214
58,r1_quadratic,58748.26677081743,8828.176257017461,0.0008828176257017461,109940.811034433,118768.98729145047,0.011876898729145047
58,r2_mean,183732.58624290267,91666.73838586827,0.009166673838586827,1020.8229834932238,92687.5613693615,0.00926875613693615
58,r3_median,96372.63178234789,1659.6744584876433,0.00016596744584876434,130492.17228939019,132151.84674787783,0.013215184674787783
58,r4_capped_median,77881.7797334319,1648.6524365277728,0.00016486524365277728,171791.64268348765,173440.29512001542,0.017344029512001542
59,normalized_median,94759.55857933423,1566.041418089706,0.0001566041418089706,33132.51725349007,34698.558671579776,0.003469855867157978
59,r1_quadratic,55804.05017742611,8716.340401239679,0.0008716340401239679,95370.66583336794,104087.00623460762,0.010408700623460762
59,r2_mean,183531.9078592308,91665.84516344576,0.009166584516344577,2946.236214983897,94612.08137842966,0.009461208137842967
59,r3_median,95162.30279896056,5573.123485744407,0.0005573123485744407,227432.8179287795,233005.9414145239,0.02330059414145239
59,r4_capped_median,82438.53493665457,3399.814986460784,0.0003399814986460784,77761.57983683712,81161.3948232979,0.00811613948232979
60,normalized_median,92284.99208418388,5068.2098953585955,0.0005068209895358596,307114.09028063616,312182.30017599475,0.031218230017599474
60,r1_quadratic,54726.08041082416,8717.810059645853,0.0008717810059645853,95370.66583336794,104088.47589301379,0.010408847589301379
60,r2_mean,183576.15721085842,91665.32402319372,0.009166532402319372,1848.8756104606066,93514.19963365432,0.009351419963365432
60,r3_median,95884.51529405185,1193.9074376880017,0.00011939074376880016,70545.35637390829,71739.26381159629,0.007173926381159629
60,r4_capped_median,84574.8965193324,6624.100883946259,0.0006624100883946259,216803.95137621052,223428.05226015678,0.02234280522601568
61,normalized_median,92255.78401375844,1492.0748801729205,0.00014920748801729205,68801.24064107401,70293.31552124693,0.007029331552124693
61,r1_quadratic,58748.26677081741,8693.680398035067,0.0008693680398035067,96303.6609519613,104997.34134999636,0.010499734134999637
61,r2_mean,183487.05088382727,91665.7746149545,0.00916657746149545,1537.5011955857792,93203.27581054028,0.009320327581054028
61,r3_median,98806.0137576352,1515.9752448232757,0.00015159752448232758,123025.72584445348,124541.70108927676,0.012454170108927676
61,r4_capped_median,87897.9994797667,5391.397368626349,0.0005391397368626349,202383.09450168075,207774.4918703071,0.02077744918703071
62,normalized_median,105546.678017245,14973.831675189314,0.0014973831675189314,1457782.765631567,1472756.5973067563,0.14727565973067563
62,r1_quadratic,58803.788092380346,8753.121243320507,0.0008753121243320508,99985.37490439808,108738.49614771859,0.010873849614771858
62,r2_mean,183507.36855068884,91666.7097785828,0.009166670977858279,4976.105485530032,96642.81526411283,0.009664281526411283
62,r3_median,105872.71673197296,1096.9329305704014,0.00010969329305704014,81169.68814999027,82266.62108056067,0.008226662108056067
62,r4_capped_median,80839.0561421875,1871.5014239738812,0.00018715014239738812,140427.08566693,142298.5870909039,0.014229858709090389
63,normalized_median,90953.44437391742,1909.5180076835823,0.00019095180076835822,66130.38140688899,68039.89941457257,0.0068039899414572575
63,r1_quadratic,55804.05017742612,8988.282012074254,0.0008988282012074255,328918.00325059803,337906.2852626723,0.03379062852626723
63,r2_mean,183465.26090010774,91665.52667159186,0.009166552667159185,3674.6787492384324,95340.20542083029,0.009534020542083028
63,r3_median,96722.2977512231,8126.689003546955,0.0008126689003546955,432278.657836671,440405.34684021794,0.0440405346840218
63,r4_capped_median,85809.36513839332,1777.571999943204,0.0001777571999943204,138502.17321137013,140279.74521131333,0.014027974521131333
64,normalized_median,90834.044315065,13110.834593252628,0.0013110834593252627,730852.465737497,743963.3003307496,0.07439633003307496
64,r1_quadratic,60946.408842703866,8684.560334427159,0.0008684560334427158,41996.3354636505,50680.89579807766,0.0050680895798077665
64,r2_mean,183518.47763313603,91666.70977858275,0.009166670977858275,1020.8229834932238,92687.53276207598,0.009268753276207598
64,r3_median,98540.03777715538,979.5764812302368,9.795764812302369e-05,81169.68814999027,82149.2646312205,0.00821492646312205
64,r4_capped_median,80291.38454932033,663.82827571917,6.6382827571917e-05,41348.617565391425,42012.445841110595,0.00420124458411106
65,normalized_median,105546.678017245,14973.831675189314,0.0014973831675189314,1457782.765631567,1472756.5973067563,0.14727565973067563
65,r1_quadratic,57619.94962973433,8761.620173256066,0.0008761620173256065,53775.78813484929,62537.408308105354,0.006253740830810536
65,r2_mean,183504.23216989634,91666.70977858276,0.009166670977858277,4976.105485530032,96642.8152641128,0.00966428152641128
65,r3_median,102348.18085610034,8407.548879231792,0.0008407548879231792,432278.657836671,440686.2067159028,0.04406862067159028
65,r4_capped_median,85997.90017445377,1278.065692637545,0.0001278065692637545,16693.785436982882,17971.851129620427,0.0017971851129620427
66,normalized_median,91109.10037027214,1611.4948784828448,0.00016114948784828447,33132.51725349007,34744.012131972915,0.0034744012131972916
66,r1_quadratic,57988.42038483431,8756.466492094776,0.0008756466492094776,33794.417442622595,42550.88393471737,0.004255088393471737
66,r2_mean,183518.47763313615,91665.57882191468,0.009166557882191468,2019.478188531002,93685.05701044569,0.009368505701044569
66,r3_median,98026.4730338476,2922.9260678684223,0.0002922926067868422,136256.05593712657,139178.982004995,0.013917898200499499
66,r4_capped_median,89133.83097183154,5043.255583517719,0.000504325558351772,345377.3767930438,350420.6323765615,0.03504206323765615
67,normalized_median,96356.80076639465,12773.23647778877,0.0012773236477788771,1457782.765631567,1470556.0021093558,0.14705560021093558
67,r1_quadratic,59793.09062478655,8712.185615682109,0.0008712185615682109,48354.76957775366,57066.955193435766,0.005706695519343576
67,r2_mean,183471.83516578336,91666.70977858275,0.009166670977858275,3674.6787492384324,95341.38852782118,0.009534138852782119
67,r3_median,93197.84721684363,6790.747819727694,0.0006790747819727694,137608.76912887057,144399.51694859826,0.014439951694859825
67,r4_capped_median,78435.94611500984,1476.8896608813957,0.00014768896608813957,81817.82986320915,83294.71952409054,0.008329471952409054
68,normalized_median,105504.74643590706,5151.347458566597,0.0005151347458566597,306199.1012222082,311350.4486807748,0.03113504486807748
68,r1_quadratic,58803.788092380346,8777.383362128545,0.0008777383362128545,75476.20090172574,84253.58426385428,0.008425358426385428
68,r2_mean,183515.88538114124,91666.41446819917,0.009166641446819918,34393.48502391594,126059.89949211512,0.012605989949211511
68,r3_median,94710.01582731731,1326.7540249644662,0.0001326754024964466,94142.0196474864,95468.77367245087,0.009546877367245087
68,r4_capped_median,77927.43270971702,701.9997763288557,7.019997763288557e-05,50639.87851945011,51341.878295778966,0.005134187829577897
69,normalized_median,104098.60661776055,703.4728952978548,7.034728952978549e-05,34416.956337579686,35120.42923287754,0.003512042923287754
69,r1_quadratic,46045.11635520105,9056.815011622908,0.0009056815011622908,234976.12893932252,244032.94395094542,0.024403294395094543
69,r2_mean,183501.8429128746,91665.10307480182,0.009166510307480183,14107.014981529514,105772.11805633134,0.010577211805633134
69,r3_median,108142.48652170828,15201.8599472926,0.00152018599472926,1456805.46142169,1472007.3213689825,0.14720073213689824
69,r4_capped_median,74285.60717193628,1165.0432013080135,0.00011650432013080135,105942.18021796278,107107.2234192708,0.01071072234192708
70,normalized_median,91814.07310990363,6124.945769495971,0.0006124945769495971,192784.91519741376,198909.86096690973,0.019890986096690974
70,r1_quadratic,58803.788092380346,9100.642997765186,0.0009100642997765186,130545.19531206571,139645.8383098309,0.01396458383098309
70,r2_mean,183621.63860321813,91663.51607769409,0.009166351607769409,4180.851427787679,95844.36750548177,0.009584436750548177
70,r3_median,96234.15684261658,773.0956475561761,7.730956475561761e-05,43581.4557935171,44354.55144107328,0.004435455144107328
70,r4_capped_median,82058.92938367989,2181.134566357563,0.0002181134566357563,111944.09941433636,114125.23398069393,0.011412523398069392
71,normalized_median,90063.53310126296,3033.4580878875568,0.0003033458087887557,136347.46389832316,139380.9219862107,0.013938092198621072
71,r1_quadratic,59600.575847543354,8723.394176378963,0.0008723394176378962,43551.97316395066,52275.36734032962,0.005227536734032962
71,r2_mean,183531.90785923082,91666.70907283806,0.009166670907283805,1520.198843967091,93186.90791680515,0.009318690791680516
71,r3_median,97682.67833497784,1267.4074571078181,0.0001267407457107818,12809.386038787658,14076.793495895476,0.0014076793495895476
71,r4_capped_median,82663.69110567535,5196.5504933250195,0.000519655049332502,202383.09450168075,207579.64499500577,0.020757964499500577
72,normalized_median,94574.30186408697,5105.8327126795775,0.0005105832712679577,307114.09028063616,312219.92299331573,0.031221992299331574
72,r1_quadratic,54982.63355651319,8675.28776579424,0.000867528776579424,18215.780265514695,26891.068031308936,0.0026891068031308935
72,r2_mean,183732.58624290276,91666.73838586824,0.009166673838586825,1020.8229834932238,92687.56136936147,0.009268756136936148
72,r3_median,106944.25250079327,1726.7253800109174,0.00017267253800109175,123075.38210803777,124802.10748804868,0.012480210748804869
72,r4_capped_median,74752.59607563716,1572.632346296712,0.0001572632346296712,138502.17321137013,140074.80555766684,0.014007480555766684
73,normalized_median,96656.4015214442,3221.6565708578273,0.0003221656570857827,69146.61600631014,72368.27257716797,0.007236827257716797
73,r1_quadratic,52952.63151840483,8678.902227704442,0.0008678902227704442,45024.82192127346,53703.724148977904,0.005370372414897791
73,r2_mean,183501.54161779274,91663.36761260797,0.009166336761260796,3725.8511283320827,95389.21874094005,0.009538921874094004
73,r3_median,97598.80309292271,14293.78851221851,0.001429378851221851,1456805.46142169,1471099.2499339085,0.14710992499339084
73,r4_capped_median,78498.72931832372,1225.0806698522647,0.00012250806698522646,72460.10500678857,73685.18567664083,0.007368518567664083
74,normalized_median,87288.885135209,1549.6401493329831,0.0001549640149332983,33132.51725349007,34682.15740282305,0.0034682157402823053
74,r1_quadratic,56011.3477870717,8834.441242612651,0.0008834441242612651,112901.8516419536,121736.29288456625,0.012173629288456625
74,r2_mean,183576.15721085842,91666.08763014244,0.009166608763014244,2770.0002330887096,94436.08786323115,0.009443608786323115
74,r3_median,88281.49001926387,3178.8219549174974,0.00031788219549174976,69100.25979980605,72279.08175472355,0.007227908175472355
74,r4_capped_median,84867.89177164117,8475.654268924205,0.0008475654268924205,282375.279983241,290850.9342521652,0.02908509342521652
75,normalized_median,94843.77136700667,5413.917136679549,0.0005413917136679549,179961.70025145536,185375.6173881349,0.01853756173881349
75,r1_quadratic,62914.94253324064,8735.926834657963,0.0008735926834657963,35154.98758102588,43890.914415683845,0.004389091441568385
75,r2_mean,183621.63860321825,91665.83085505571,0.00916658308550557,3180.822473749557,94846.65332880527,0.009484665332880527
75,r3_median,96748.64357342018,1411.271908224291,0.0001411271908224291,50502.932557562526,51914.20446578682,0.0051914204465786816
75,r4_capped_median,80839.0561421875,1339.601470242451,0.0001339601470242451,26817.115716930188,28156.71718717264,0.0028156717187172637
76,normalized_median,99920.55937847297,8321.357317039685,0.0008321357317039685,432568.6538336187,440890.01115065836,0.044089001115065835
76,r1_quadratic,54975.57677229775,8801.29506926822,0.000880129506926822,112901.8516419536,121703.14671122182,0.012170314671122182
76,r2_mean,183475.64028458635,91665.44590596597,0.009166544590596596,1796.8300639839906,93462.27596994996,0.009346227596994995
76,r3_median,101601.07569530603,7706.617872990551,0.0007706617872990551,432278.657836671,439985.27570966154,0.04399852757096615
76,r4_capped_median,92157.66125705294,8550.93137828738,0.0008550931378287379,282375.279983241,290926.2113615284,0.029092621136152838
77,normalized_median,92356.6538877761,6355.34356355248,0.000635534356355248,192784.91519741376,199140.25876096624,0.019914025876096624
77,r1_quadratic,57619.94962973432,9671.834548535466,0.0009671834548535466,234976.12893932252,244647.96348785798,0.0244647963487858
77,r2_mean,183458.4711912757,91666.27097431941,0.009166627097431941,1500.135819505419,93166.40679382483,0.009316640679382484
77,r3_median,91220.39564270663,7556.142354670301,0.00075561423546703,250923.46694635475,258479.60930102505,0.025847960930102505
77,r4_capped_median,86287.25447228606,5530.430499722308,0.0005530430499722308,345377.3767930438,350907.8072927661,0.03509078072927661
78,normalized_median,95440.63666559604,5225.546225400729,0.0005225546225400729,179961.70025145536,185187.2464768561,0.01851872464768561
78,r1_quadratic,56011.34778707171,8813.883442944614,0.0008813883442944614,75479.87188864077,84293.75533158539,0.00842937553315854
78,r2_mean,183732.58624290425,91666.7097785828,0.009166670977858279,3836.293517816597,95503.00329639939,0.009550300329639938
78,r3_median,92225.35833849237,879.7719837755903,8.797719837755904e-05,20559.52407779103,21439.29606156662,0.002143929606156662
78,r4_capped_median,86073.00204316791,6453.320846328192,0.0006453320846328192,216803.95137621052,223257.2722225387,0.02232572722225387
79,normalized_median,102820.70469764834,1562.297580727929,0.0001562297580727929,97665.39225551805,99227.68983624598,0.009922768983624597
79,r1_quadratic,59793.090624786564,8674.385370042757,0.0008674385370042757,12841.218691596132,21515.60406163889,0.002151560406163889
79,r2_mean,183507.3685506889,91666.71638116766,0.009166671638116766,173.24497067222046,91839.96135183988,0.009183996135183989
79,r3_median,83386.91822025941,1248.10819766008,0.000124810819766008,3287.5312837969595,4535.639481457039,0.00045356394814570397
79,r4_capped_median,83087.06491512689,4596.831613251648,0.0004596831613251648,410329.8048157053,414926.63642895693,0.041492663642895694
80,normalized_median,83886.66239772516,1401.9447361473503,0.00014019447361473503,50536.81266709443,51938.75740324178,0.005193875740324178
80,r1_quadratic,57697.61768089242,8710.532234590952,0.0008710532234590952,40997.74789012609,49708.28012471704,0.004970828012471704
80,r2_mean,183531.90785923076,91666.5819602316,0.00916665819602316,1796.9684501195563,93463.55041035116,0.009346355041035117
80,r3_median,97682.67833497784,1286.7480836600025,0.00012867480836600026,12809.386038787658,14096.13412244766,0.001409613412244766
80,r4_capped_median,85993.44783272783,1798.0079631827393,0.00017980079631827394,116921.10454609356,118719.1125092763,0.01187191125092763
81,normalized_median,91473.07169515357,7327.083061487501,0.0007327083061487501,251091.8000334399,258418.8830949274,0.02584188830949274
81,r1_quadratic,57988.4203848343,9097.532596303165,0.0009097532596303165,112901.8516419536,121999.38423825677,0.012199938423825676
81,r2_mean,183475.64028458635,91664.41299414301,0.009166441299414302,3725.8511283320827,95390.2641224751,0.00953902641224751
81,r3_median,95360.29981047269,5322.556546915614,0.0005322556546915613,179841.05310743718,185163.6096543528,0.01851636096543528
81,r4_capped_median,80190.30531987695,1064.232383268347,0.00010642323832683469,69824.59883754162,70888.83122080997,0.007088883122080997
82,normalized_median,93786.38197670397,7674.094739133783,0.0007674094739133783,432568.6538336187,440242.74857275246,0.044024274857275246
82,r1_quadratic,56780.94566882888,8734.349561008796,0.0008734349561008795,31269.28268413073,40003.632245139524,0.004000363224513952
82,r2_mean,183442.12684872985,91665.9825742635,0.00916659825742635,1500.135819505419,93166.11839376892,0.009316611839376892
82,r3_median,98125.48087060102,7754.571261789417,0.0007754571261789417,432278.657836671,440033.2290984604,0.04400332290984604
82,r4_capped_median,81504.24848886742,1155.7487802093237,0.00011557487802093237,91343.84159615499,92499.59037636431,0.00924995903763643
83,normalized_median,103018.67501077871,1736.6437792800716,0.00017366437792800716,124869.60514267473,126606.2489219548,0.01266062489219548
83,r1_quadratic,58803.788092380346,8827.068418883297,0.0008827068418883297,67063.12434801813,75890.19276690143,0.007589019276690143
83,r2_mean,183517.59391775614,91664.75973789547,0.009166475973789546,2801.2354033452143,94465.99514124068,0.009446599514124068
83,r3_median,95169.5297793569,1248.10819766008,0.000124810819766008,3287.5312837969595,4535.639481457039,0.00045356394814570397
83,r4_capped_median,86826.7275021915,7227.654422202846,0.0007227654422202846,154857.23668572356,162084.8911079264,0.016208489110792642
84,normalized_median,89530.7211041966,6875.73029650058,0.000687573029650058,137701.0845635302,144576.81486003078,0.014457681486003078
84,r1_quadratic,59793.09062478656,8689.291605290535,0.0008689291605290534,72976.00495911916,81665.2965644097,0.00816652965644097
84,r2_mean,183732.5862429027,91666.70977858282,0.009166670977858282,16311.144736622651,107977.85451520547,0.010797785451520547
84,r3_median,98162.59950571938,2733.9256174458424,0.00027339256174458424,145768.3915780581,148502.31719550394,0.014850231719550395
84,r4_capped_median,82383.01724638403,1162.2744638485456,0.00011622744638485456,91343.84159615499,92506.11606000354,0.009250611606000353
85,normalized_median,102883.96571577262,1084.8652757208765,0.00010848652757208765,69988.58481238049,71073.45008810137,0.007107345008810137
85,r1_quadratic,60946.408842703895,9311.369373909343,0.0009311369373909343,234976.12893932252,244287.49831323186,0.024428749831323187
85,r2_mean,183475.11685981147,91652.25738014204,0.009165225738014204,16095.54149317068,107747.79887331271,0.010774779887331271
85,r3_median,98790.08505925618,651.0858933942582,6.510858933942581e-05,37838.21015852778,38489.296051922036,0.0038489296051922037
85,r4_capped_median,76437.10981973767,7835.026583123137,0.0007835026583123137,486462.30072815786,494297.327311281,0.0494297327311281
86,normalized_median,93879.60247842863,8048.714994704525,0.0008048714994704526,432568.6538336187,440617.3688283232,0.04406173688283232
86,r1_quadratic,57697.617680892436,8723.394176378963,0.0008723394176378962,43551.97316395066,52275.36734032962,0.005227536734032962
86,r2_mean,183568.78995265882,91666.70977858272,0.009166670977858272,3674.6787492384324,95341.38852782115,0.009534138852782115
86,r3_median,96460.75611335844,5167.021895652171,0.0005167021895652171,306908.19959484955,312075.2214905017,0.031207522149050173
86,r4_capped_median,80595.02018594879,1950.0796023048752,0.00019500796023048752,171791.64268348765,173741.72228579252,0.017374172228579253
87,normalized_median,94346.54936608495,1936.2676458701462,0.00019362676458701462,124869.60514267473,126805.87278854488,0.012680587278854488
87,r1_quadratic,59793.09062478656,8733.880030057415,0.0008733880030057415,43551.97316395066,52285.85319400807,0.005228585319400807
87,r2_mean,183531.90785923082,91665.520945208,0.0091665520945208,2770.0002330887096,94435.52117829671,0.00944355211782967
87,r3_median,94018.91780534998,2883.1397725722054,0.0002883139772572205,196768.31349708966,199651.45326966187,0.019965145326966187
87,r4_capped_median,81138.45707251296,1188.5638006239315,0.00011885638006239314,40535.50976376792,41724.07356439185,0.004172407356439185
88,normalized_median,104044.28280167174,680.479655858875,6.80479655858875e-05,20683.337693714413,21363.817349573288,0.0021363817349573286
88,r1_quadratic,59600.57584754334,9475.705332475569,0.0009475705332475569,130545.19531206571,140020.90064454128,0.014002090064454128
88,r2_mean,183576.15721085842,91666.00160985625,0.009166600160985625,4440.998341053949,96106.99995091019,0.009610699995091019
88,r3_median,91596.94021356314,2617.7789766183705,0.00026177789766183705,196768.31349708966,199386.09247370803,0.019938609247370804
88,r4_capped_median,82634.67822005681,1348.7529624685267,0.00013487529624685266,72460.10500678857,73808.8579692571,0.00738088579692571
89,normalized_median,96274.59430374374,6798.862687193468,0.0006798862687193469,137701.0845635302,144499.94725072366,0.014449994725072366
89,r1_quadratic,60946.40884270388,8719.412930217888,0.0008719412930217888,31269.28268413073,39988.69561434862,0.003998869561434862
89,r2_mean,183531.90785923076,91664.6265265347,0.00916646265265347,3725.8511283320827,95390.47765486679,0.00953904776548668
89,r3_median,107146.26114278455,1409.7424868950984,0.00014097424868950983,50502.932557562526,51912.675044457625,0.005191267504445762
89,r4_capped_median,82129.24145795684,638.1015875914309,6.38101587591431e-05,61638.07770617426,62276.179293765694,0.006227617929376569
90,normalized_median,95179.70698060755,2239.298726341134,0.00022392987263411342,119815.43681838622,122054.73554472736,0.012205473554472736
90,r1_quadratic,59600.57584754337,9044.791793621815,0.0009044791793621815,130545.19531206571,139589.98710568753,0.013958998710568753
90,r2_mean,183576.15721085848,91666.62157763989,0.009166662157763988,967.7192193057969,92634.34079694569,0.00926343407969457
90,r3_median,96431.22572744978,1392.0162084686308,0.00013920162084686308,72704.71242568364,74096.72863415227,0.007409672863415227
90,r4_capped_median,85051.09537182105,1529.692134679397,0.0001529692134679397,79387.81095296536,80917.50308764476,0.008091750308764476
91,normalized_median,94912.39325429956,4654.070318048471,0.00046540703180484704,364870.6406051563,369524.7109232048,0.03695247109232048
91,r1_quadratic,55804.050177426114,9207.745580509538,0.0009207745580509538,234976.12893932252,244183.87451983205,0.024418387451983204
91,r2_mean,183515.8853811414,91666.73836947829,0.009166673836947829,967.7192193057969,92634.45758878409,0.009263445758878408
91,r3_median,97150.91687722536,2933.233867727191,0.0002933233867727191,136256.05593712657,139189.28980485376,0.013918928980485376
91,r4_capped_median,82960.8940747703,1701.4077920424606,0.00017014077920424607,37260.49132133281,38961.89911337527,0.003896189911337527
92,normalized_median,89533.43272334011,6875.73029650058,0.000687573029650058,137701.0845635302,144576.81486003078,0.014457681486003078
92,r1_quadratic,54982.63355651319,8914.933752825309,0.0008914933752825309,181150.83555358424,190065.76930640955,0.019006576930640954
92,r2_mean,183568.7899526587,91666.47794482202,0.009166647794482202,2509.97577405354,94176.45371887556,0.009417645371887556
92,r3_median,98400.9714692419,2845.6793841403705,0.00028456793841403707,103769.71442991357,106615.39381405394,0.010661539381405395
92,r4_capped_median,80288.22940527185,2596.1195447335995,0.00025961195447336,55472.20734203461,58068.32688676821,0.005806832688676821
93,normalized_median,95283.80819245243,7510.86954359262,0.0007510869543592621,251091.8000334399,258602.66957703253,0.025860266957703253
93,r1_quadratic,57697.61768089241,8914.933752825309,0.0008914933752825309,181150.83555358424,190065.76930640955,0.019006576930640954
93,r2_mean,183534.4161642029,91666.27097431941,0.009166627097431941,1500.135819505419,93166.40679382483,0.009316640679382484
93,r3_median,106898.75558732025,13513.226610997226,0.0013513226610997226,730362.4989136301,743875.7255246274,0.07438757255246274
93,r4_capped_median,82257.88492145915,3144.476031108381,0.0003144476031108381,116776.65115392461,119921.127185033,0.0119921127185033
94,normalized_median,92980.50788492907,4702.940428617236,0.00047029404286172356,307114.09028063616,311817.0307092534,0.03118170307092534
94,r1_quadratic,57619.94962973432,8897.174678912372,0.0008897174678912372,112901.8516419536,121799.02632086597,0.012179902632086598
94,r2_mean,183502.94898862467,91663.55974371609,0.009166355974371609,3836.293517816597,95499.85326153268,0.009549985326153268
94,r3_median,96653.23861590479,2470.9446910146507,0.0002470944691014651,49293.54505201897,51764.48974303362,0.005176448974303362
94,r4_capped_median,74806.36634120517,1296.383789765434,0.00012963837897654338,26817.115716930188,28113.49950669562,0.002811349950669562
95,normalized_median,90227.10779698513,12976.061962143285,0.0012976061962143286,1457782.765631567,1470758.8275937103,0.14707588275937103
95,r1_quadratic,54304.94762901399,8773.794954665907,0.0008773794954665908,75476.20090172574,84249.99585639164,0.008424999585639165
95,r2_mean,183576.15721085842,91666.60145479935,0.009166660145479935,1203.7605492249743,92870.36200402433,0.009287036200402433
95,r3_median,93038.62193020637,1778.4706294697098,0.00017784706294697098,130492.17228939019,132270.6429188599,0.01322706429188599
95,r4_capped_median,73895.68420342317,5611.977481744019,0.0005611977481744019,202383.09450168075,207995.07198342477,0.020799507198342476
96,normalized_median,88902.24938744027,3033.85452277679,0.000303385452277679,136347.46389832316,139381.31842109995,0.013938131842109994
96,r1_quadratic,56780.94566882885,8694.947577439147,0.0008694947577439147,75476.20090172574,84171.14847916488,0.008417114847916489
96,r2_mean,183568.7899526587,91666.4677610763,0.00916664677610763,1459.7290189233001,93126.1967799996,0.009312619677999961
96,r3_median,106043.20218667295,1888.4914514350821,0.0001888491451435082,124785.89199029791,126674.38344173299,0.012667438344173299
96,r4_capped_median,82955.31237924114,7412.551345058193,0.0007412551345058193,154857.23668572356,162269.78803078175,0.016226978803078176
97,normalized_median,92310.47598927234,1238.2661040998391,0.0001238266104099839,23846.130785487636,25084.396889587475,0.0025084396889587476
97,r1_quadratic,62914.942533240624,10545.925405117916,0.0010545925405117916,328918.00325059803,339463.92865571595,0.03394639286557159
97,r2_mean,183517.59391775614,91664.9894184397,0.00916649894184397,2458.551830888477,94123.54124932818,0.009412354124932817
97,r3_median,94121.62518029302,1239.4405877869285,0.00012394405877869284,3287.5312837969595,4526.971871583888,0.0004526971871583888
97,r4_capped_median,85630.19067908276,7076.160029701365,0.0007076160029701365,154857.23668572356,161933.39671542493,0.016193339671542493
98,normalized_median,85595.05357568296,7273.393399022054,0.0007273393399022054,432568.6538336187,439842.04723264073,0.04398420472326407
98,r1_quadratic,62914.942533240646,8720.35067841554,0.0008720350678415539,26119.39838930052,34839.74906771606,0.003483974906771606
98,r2_mean,183506.72761011287,91660.39117291824,0.009166039117291825,5498.495666682914,97158.88683960115,0.009715888683960115
98,r3_median,95787.20174397664,2807.312960325711,0.0002807312960325711,103769.71442991357,106577.02739023928,0.010657702739023929
98,r4_capped_median,80624.97195054642,2634.337914071424,0.00026343379140714244,55472.20734203461,58106.54525610604,0.005810654525610604
99,normalized_median,90958.55600625565,3100.825864961531,0.00031008258649615307,69146.61600631014,72247.44187127167,0.007224744187127167
99,r1_quadratic,60946.40884270388,8669.906116616396,0.0008669906116616395,36626.48000974127,45296.38612635767,0.004529638612635767
99,r2_mean,183496.4512905234,91666.70977858276,0.009166670977858277,4976.105485530032,96642.8152641128,0.00966428152641128
99,r3_median,87987.55647133847,1205.0366544747085,0.00012050366544747084,100458.7920207379,101663.82867521262,0.010166382867521261
99,r4_capped_median,88489.2302302898,4686.674581989704,0.00046866745819897044,410329.8048157053,415016.479397695,0.0415016479397695
100,normalized_median,104452.63696954638,2933.831288776695,0.00029338312887766953,103839.32878917821,106773.1600779549,0.010677316007795491
100,r1_quadratic,60946.40884270388,8853.94326718797,0.0008853943267187969,49964.53017108351,58818.47343827148,0.005881847343827148
100,r2_mean,183464.07031411756,91665.47234471502,0.009166547234471502,8173.3210822678075,99838.79342698283,0.009983879342698282
100,r3_median,93938.42402519178,1188.2055161331245,0.00011882055161331246,14834.381106430144,16022.586622563269,0.0016022586622563269
100,r4_capped_median,87927.93455346033,7350.577784365509,0.0007350577784365509,154857.23668572356,162207.81447008907,0.016220781447008906
